alerta_id,cliente_id,rol_cliente,criticidad,fecha_asignacion,investigada,analista
AL0000001,C000330,TITULAR,5,2025-12-29,true,analista_02
AL0000002,C001041,TITULAR,5,2026-02-12,false,analista_07
AL0000003,C000895,TITULAR,5,2025-11-29,true,analista_14
AL0000004,C000833,TITULAR,5,2026-01-22,false,analista_01
AL0000005,C000807,TITULAR,5,2026-04-03,false,analista_04
AL0000006,C000620,TITULAR,5,2025-11-05,true,analista_11
AL0000007,C000198,TITULAR,5,2025-12-16,true,analista_12
AL0000008,C000807,TITULAR,5,2026-01-07,false,analista_19
AL0000009,C000294,TITULAR,5,2025-11-09,true,analista_10
AL0000010,C000454,TITULAR,5,2026-03-12,true,analista_16
AL0000011,C000735,TITULAR,5,2026-01-10,true,analista_16
AL0000012,C000936,TITULAR,5,2026-01-27,true,analista_19
AL0000013,C001010,TITULAR,5,2026-02-18,false,analista_13
AL0000014,C000169,TITULAR,5,2026-03-17,false,analista_04
AL0000015,C000066,TITULAR,5,2025-12-03,true,analista_02
AL0000016,C000334,TITULAR,5,2026-04-08,true,analista_11
AL0000017,C000360,TITULAR,5,2026-01-01,true,analista_04
AL0000018,C000700,TITULAR,5,2026-01-21,false,analista_01
AL0000019,C000208,TITULAR,5,2025-10-26,true,analista_10
AL0000020,C000136,TITULAR,5,2025-12-30,false,analista_06
AL0000021,C000454,TITULAR,5,2026-01-19,true,analista_07
AL0000022,C000914,TITULAR,5,2026-03-10,false,analista_18
AL0000023,C000624,TITULAR,5,2025-11-17,false,analista_20
AL0000024,C001197,TITULAR,5,2026-03-05,false,analista_16
AL0000025,C000295,TITULAR,5,2026-03-12,false,analista_17
AL0000026,C000661,TITULAR,5,2025-11-15,false,analista_13
AL0000027,C001043,TITULAR,5,2025-11-30,false,analista_18
AL0000028,C000335,TITULAR,5,2025-12-21,true,analista_21
AL0000029,C000410,TITULAR,5,2026-01-05,true,analista_10
AL0000030,C000661,TITULAR,5,2026-01-08,false,analista_07
AL0000031,C000922,TITULAR,5,2026-02-04,true,analista_20
AL0000032,C000871,TITULAR,5,2026-02-22,false,analista_20
AL0000033,C001192,TITULAR,5,2025-12-05,true,analista_17
AL0000034,C000667,TITULAR,5,2025-12-13,true,analista_20
AL0000035,C001108,TITULAR,5,2025-12-18,false,analista_16
AL0000036,C001119,TITULAR,5,2025-12-25,false,analista_20
AL0000037,C000024,TITULAR,5,2026-01-27,false,analista_16
AL0000038,C000587,TITULAR,5,2026-02-03,false,analista_11
AL0000039,C000136,TITULAR,4,2025-10-23,false,analista_07
AL0000040,C001001,TITULAR,4,2025-10-23,false,analista_01
AL0000041,C000441,TITULAR,4,2025-12-08,false,analista_15
AL0000042,C000035,TITULAR,4,2025-12-12,true,analista_22
AL0000043,C000746,TITULAR,4,2025-12-20,true,analista_20
AL0000044,C001009,TITULAR,4,2025-12-29,true,analista_21
AL0000045,C001171,TITULAR,4,2026-01-07,true,analista_01
AL0000046,C000257,TITULAR,4,2026-01-27,true,analista_15
AL0000047,C000675,TITULAR,4,2026-02-09,false,analista_17
AL0000048,C000624,TITULAR,4,2026-02-14,false,analista_10
AL0000049,C001119,TITULAR,4,2026-02-25,false,analista_06
AL0000050,C000682,TITULAR,4,2026-02-28,true,analista_15
AL0000051,C000255,TITULAR,4,2026-03-11,false,analista_03
AL0000052,C000118,TITULAR,4,2026-04-12,true,analista_18
AL0000053,C000464,TITULAR,4,2026-04-13,false,analista_08
AL0000054,C000255,TITULAR,4,2026-04-16,true,analista_09
AL0000055,C000257,TITULAR,4,2025-11-14,true,analista_17
AL0000056,C000549,TITULAR,4,2025-12-19,false,analista_06
AL0000057,C000572,TITULAR,4,2025-12-28,true,analista_21
AL0000058,C000288,TITULAR,4,2025-12-29,false,analista_01
AL0000059,C000209,TITULAR,4,2026-01-16,true,analista_02
AL0000060,C001138,TITULAR,4,2026-02-15,true,analista_05
AL0000061,C000981,TITULAR,4,2026-03-06,false,analista_08
AL0000062,C000750,TITULAR,4,2026-04-16,false,analista_22
AL0000063,C000587,TITULAR,4,2025-10-27,false,analista_11
AL0000064,C000248,TITULAR,4,2025-11-03,false,analista_18
AL0000065,C000357,TITULAR,4,2025-11-21,true,analista_08
AL0000066,C001001,TITULAR,4,2025-12-26,true,analista_06
AL0000067,C000832,TITULAR,4,2026-01-02,false,analista_10
AL0000068,C000208,TITULAR,4,2026-01-30,false,analista_06
AL0000069,C000343,TITULAR,4,2026-02-05,false,analista_11
AL0000070,C000132,TITULAR,4,2026-02-21,false,analista_16
AL0000071,C000330,TITULAR,4,2026-02-26,true,analista_21
AL0000072,C000288,TITULAR,4,2026-03-15,false,analista_04
AL0000073,C000965,TITULAR,4,2026-03-29,true,analista_03
AL0000074,C000313,TITULAR,4,2026-03-31,false,analista_07
AL0000075,C000235,TITULAR,4,2026-04-05,true,analista_22
AL0000076,C000807,TITULAR,4,2026-04-19,true,analista_20
AL0000077,C000653,TITULAR,4,2026-04-19,false,analista_21
AL0000078,C000886,TITULAR,4,2026-04-21,true,analista_21
AL0000079,C001117,TITULAR,4,2025-10-27,true,analista_03
AL0000080,C000153,TITULAR,4,2025-10-30,true,analista_07
AL0000081,C000276,TITULAR,4,2025-11-01,false,analista_08
AL0000082,C000871,TITULAR,4,2025-11-06,true,analista_17
AL0000083,C000770,TITULAR,4,2025-11-17,false,analista_07
AL0000084,C000306,TITULAR,4,2025-11-20,true,analista_09
AL0000085,C000106,TITULAR,4,2025-11-24,true,analista_03
AL0000086,C000222,TITULAR,4,2025-11-28,false,analista_10
AL0000087,C000049,TITULAR,4,2025-12-06,true,analista_18
AL0000088,C000882,TITULAR,4,2025-12-15,false,analista_11
AL0000089,C000606,TITULAR,4,2026-02-03,false,analista_01
AL0000090,C000476,TITULAR,4,2026-02-06,true,analista_09
AL0000091,C000296,TITULAR,4,2026-02-10,true,analista_07
AL0000092,C000737,TITULAR,4,2026-03-05,true,analista_15
AL0000093,C000887,TITULAR,4,2026-03-22,true,analista_07
AL0000094,C000295,TITULAR,4,2026-04-18,true,analista_05
AL0000095,C000398,TITULAR,4,2025-11-01,false,analista_16
AL0000096,C001057,TITULAR,4,2025-12-18,true,analista_19
AL0000097,C000959,TITULAR,4,2026-01-13,true,analista_01
AL0000098,C000444,TITULAR,4,2026-01-15,true,analista_09
AL0000099,C000198,TITULAR,4,2026-01-15,false,analista_22
AL0000100,C000770,TITULAR,4,2026-02-11,false,analista_02
AL0000101,C000046,TITULAR,4,2026-02-13,true,analista_21
AL0000102,C000295,TITULAR,4,2026-02-26,true,analista_19
AL0000103,C000626,TITULAR,4,2026-04-02,false,analista_14
AL0000104,C000038,TITULAR,4,2026-04-03,true,analista_17
AL0000105,C000815,TITULAR,4,2026-04-15,false,analista_01
AL0000106,C000805,TITULAR,4,2026-04-20,false,analista_06
AL0000107,C000634,TITULAR,4,2025-10-30,false,analista_05
AL0000108,C000959,TITULAR,4,2025-10-31,false,analista_14
AL0000109,C000862,TITULAR,4,2025-12-02,true,analista_21
AL0000110,C000936,TITULAR,4,2025-12-06,false,analista_01
AL0000111,C000166,TITULAR,4,2025-12-18,true,analista_11
AL0000112,C000759,TITULAR,4,2026-01-08,false,analista_12
AL0000113,C001138,TITULAR,4,2026-01-22,false,analista_02
AL0000114,C000235,TITULAR,4,2026-02-06,true,analista_06
AL0000115,C000391,TITULAR,4,2026-02-20,true,analista_08
AL0000116,C000313,TITULAR,4,2026-02-26,true,analista_22
AL0000117,C001092,TITULAR,4,2026-03-09,false,analista_15
AL0000118,C000163,TITULAR,4,2026-03-23,false,analista_02
AL0000119,C000900,TITULAR,4,2025-11-09,true,analista_10
AL0000120,C000967,TITULAR,4,2025-12-10,false,analista_21
AL0000121,C001108,TITULAR,4,2025-12-21,true,analista_19
AL0000122,C000691,TITULAR,4,2026-01-13,true,analista_21
AL0000123,C000410,TITULAR,4,2026-01-15,false,analista_17
AL0000124,C000304,TITULAR,4,2026-01-30,false,analista_12
AL0000125,C000838,TITULAR,4,2026-02-03,false,analista_09
AL0000126,C000907,TITULAR,4,2026-02-07,false,analista_19
AL0000127,C000790,TITULAR,4,2026-02-15,true,analista_10
AL0000128,C000032,TITULAR,4,2026-02-16,false,analista_01
AL0000129,C001199,TITULAR,4,2026-02-19,true,analista_09
AL0000130,C000663,TITULAR,4,2026-02-24,true,analista_21
AL0000131,C000357,TITULAR,4,2026-03-04,true,analista_17
AL0000132,C000130,TITULAR,4,2026-03-07,true,analista_21
AL0000133,C000588,TITULAR,4,2026-03-10,false,analista_22
AL0000134,C000902,TITULAR,4,2026-03-15,true,analista_02
AL0000135,C001084,TITULAR,4,2026-03-16,true,analista_07
AL0000136,C000205,TITULAR,4,2026-04-11,true,analista_11
AL0000137,C000076,TITULAR,4,2025-10-27,false,analista_04
AL0000138,C000125,TITULAR,4,2025-11-16,true,analista_15
AL0000139,C000554,TITULAR,4,2025-12-04,true,analista_21
AL0000140,C000171,TITULAR,4,2025-12-10,true,analista_16
AL0000141,C000739,TITULAR,4,2025-12-17,true,analista_02
AL0000142,C000887,TITULAR,4,2025-12-21,true,analista_15
AL0000143,C000667,TITULAR,4,2025-12-21,false,analista_07
AL0000144,C000364,TITULAR,4,2025-12-31,false,analista_21
AL0000145,C001030,TITULAR,4,2026-01-07,false,analista_08
AL0000146,C000892,TITULAR,4,2026-01-07,true,analista_03
AL0000147,C000416,TITULAR,4,2026-01-11,false,analista_19
AL0000148,C000274,TITULAR,4,2026-01-14,false,analista_11
AL0000149,C000255,TITULAR,4,2026-01-15,false,analista_18
AL0000150,C000446,TITULAR,4,2026-01-23,false,analista_06
AL0000151,C000364,TITULAR,4,2026-01-27,true,analista_10
AL0000152,C001011,TITULAR,4,2026-01-27,true,analista_12
AL0000153,C000595,TITULAR,4,2026-01-28,false,analista_04
AL0000154,C000194,TITULAR,4,2026-02-01,true,analista_10
AL0000155,C001044,TITULAR,4,2026-02-07,false,analista_15
AL0000156,C000569,TITULAR,4,2026-02-28,false,analista_08
AL0000157,C000089,TITULAR,4,2026-03-13,true,analista_03
AL0000158,C000294,TITULAR,4,2026-04-02,false,analista_02
AL0000159,C000313,TITULAR,4,2026-04-03,false,analista_20
AL0000160,C000241,TITULAR,4,2025-10-24,false,analista_01
AL0000161,C001041,TITULAR,4,2025-10-29,false,analista_02
AL0000162,C000492,TITULAR,4,2025-11-09,false,analista_14
AL0000163,C000335,TITULAR,4,2025-11-14,false,analista_20
AL0000164,C000569,TITULAR,4,2025-12-01,true,analista_07
AL0000165,C000878,TITULAR,4,2025-12-06,false,analista_21
AL0000166,C000246,TITULAR,4,2025-12-26,false,analista_11
AL0000167,C001153,TITULAR,4,2026-01-23,false,analista_19
AL0000168,C000897,TITULAR,4,2026-01-26,false,analista_06
AL0000169,C001086,TITULAR,4,2026-02-09,true,analista_01
AL0000170,C000294,TITULAR,4,2026-02-14,true,analista_20
AL0000171,C000572,TITULAR,4,2026-02-23,false,analista_13
AL0000172,C000314,TITULAR,4,2026-02-28,true,analista_09
AL0000173,C000624,TITULAR,4,2026-03-01,true,analista_07
AL0000174,C000884,TITULAR,4,2026-03-05,false,analista_22
AL0000175,C001103,TITULAR,4,2026-03-12,true,analista_08
AL0000176,C001069,TITULAR,4,2026-03-13,true,analista_04
AL0000177,C000520,TITULAR,4,2026-03-15,true,analista_03
AL0000178,C000755,TITULAR,4,2026-03-17,true,analista_09
AL0000179,C000073,TITULAR,4,2026-04-06,true,analista_14
AL0000180,C000324,TITULAR,4,2026-04-10,false,analista_21
AL0000181,C000895,TITULAR,4,2026-04-12,false,analista_01
AL0000182,C000133,TITULAR,4,2025-10-28,true,analista_18
AL0000183,C001170,TITULAR,4,2025-11-02,true,analista_07
AL0000184,C000971,TITULAR,4,2025-11-04,false,analista_06
AL0000185,C000133,TITULAR,4,2025-11-11,false,analista_11
AL0000186,C000452,TITULAR,4,2025-11-24,false,analista_22
AL0000187,C000706,TITULAR,4,2025-11-30,true,analista_06
AL0000188,C000429,TITULAR,4,2025-12-03,false,analista_14
AL0000189,C000499,TITULAR,4,2025-12-05,true,analista_02
AL0000190,C000098,TITULAR,4,2025-12-07,true,analista_01
AL0000191,C000820,TITULAR,4,2025-12-23,false,analista_14
AL0000192,C000132,TITULAR,4,2025-12-28,false,analista_12
AL0000193,C000213,TITULAR,4,2026-01-01,true,analista_14
AL0000194,C000389,TITULAR,4,2026-01-13,false,analista_06
AL0000195,C000206,TITULAR,4,2026-01-14,false,analista_21
AL0000196,C000481,TITULAR,4,2026-01-20,false,analista_13
AL0000197,C001029,TITULAR,4,2026-02-02,false,analista_13
AL0000198,C000303,TITULAR,4,2026-02-08,true,analista_03
AL0000199,C000441,TITULAR,4,2026-02-25,false,analista_22
AL0000200,C000750,TITULAR,4,2026-03-02,true,analista_06
AL0000201,C000010,TITULAR,4,2026-03-07,false,analista_17
AL0000202,C000667,TITULAR,4,2026-03-13,true,analista_06
AL0000203,C000574,TITULAR,4,2026-03-14,true,analista_12
AL0000204,C001174,TITULAR,4,2026-03-21,false,analista_21
AL0000205,C000213,TITULAR,4,2026-03-22,true,analista_01
AL0000206,C000427,TITULAR,4,2026-04-03,true,analista_20
AL0000207,C000623,TITULAR,4,2026-04-03,true,analista_09
AL0000208,C000618,TITULAR,4,2026-04-09,true,analista_16
AL0000209,C001173,TITULAR,4,2025-10-25,true,analista_05
AL0000210,C000630,TITULAR,4,2025-11-02,false,analista_09
AL0000211,C000114,TITULAR,4,2025-11-06,true,analista_17
AL0000212,C000601,TITULAR,4,2025-11-08,true,analista_13
AL0000213,C001084,TITULAR,4,2025-11-10,true,analista_21
AL0000214,C000613,TITULAR,4,2025-11-11,false,analista_06
AL0000215,C000117,TITULAR,4,2025-11-12,true,analista_06
AL0000216,C000132,TITULAR,4,2025-11-24,false,analista_06
AL0000217,C000682,TITULAR,4,2025-11-28,false,analista_07
AL0000218,C000268,TITULAR,4,2025-11-30,true,analista_14
AL0000219,C000441,TITULAR,4,2025-12-02,true,analista_04
AL0000220,C001159,TITULAR,4,2025-12-07,true,analista_12
AL0000221,C000269,TITULAR,4,2025-12-11,true,analista_10
AL0000222,C000721,TITULAR,4,2025-12-11,true,analista_12
AL0000223,C000513,TITULAR,4,2025-12-13,true,analista_14
AL0000224,C000171,TITULAR,4,2025-12-14,true,analista_17
AL0000225,C000410,TITULAR,4,2025-12-17,true,analista_21
AL0000226,C000283,TITULAR,4,2025-12-18,true,analista_07
AL0000227,C001025,TITULAR,4,2026-01-01,false,analista_05
AL0000228,C001097,TITULAR,4,2026-01-06,false,analista_08
AL0000229,C000759,TITULAR,4,2026-01-15,false,analista_03
AL0000230,C000231,TITULAR,4,2026-01-18,false,analista_09
AL0000231,C000265,TITULAR,4,2026-01-20,false,analista_01
AL0000232,C001170,TITULAR,4,2026-01-24,true,analista_06
AL0000233,C000068,TITULAR,4,2026-02-11,false,analista_03
AL0000234,C000046,TITULAR,4,2026-02-12,false,analista_15
AL0000235,C000389,TITULAR,4,2026-02-13,true,analista_12
AL0000236,C000498,TITULAR,4,2026-02-15,true,analista_17
AL0000237,C001197,TITULAR,4,2026-02-15,false,analista_12
AL0000238,C001043,TITULAR,4,2026-02-19,false,analista_03
AL0000239,C000223,TITULAR,4,2026-03-02,false,analista_12
AL0000240,C000025,TITULAR,4,2026-03-06,false,analista_07
AL0000241,C000565,TITULAR,4,2026-03-14,false,analista_22
AL0000242,C000555,TITULAR,4,2026-04-01,true,analista_06
AL0000243,C000676,TITULAR,4,2026-04-10,false,analista_12
AL0000244,C000626,TITULAR,4,2026-04-16,true,analista_12
AL0000245,C001045,TITULAR,4,2026-04-16,false,analista_20
AL0000246,C001119,TITULAR,4,2026-04-16,true,analista_10
AL0000247,C000807,TITULAR,4,2026-04-17,false,analista_08
AL0000248,C000911,TITULAR,4,2026-04-18,true,analista_15
AL0000249,C000462,TITULAR,4,2025-10-28,false,analista_16
AL0000250,C001175,TITULAR,4,2025-10-29,true,analista_06
AL0000251,C000002,TITULAR,4,2025-10-30,false,analista_06
AL0000252,C001113,TITULAR,4,2025-11-14,false,analista_22
AL0000253,C000507,TITULAR,4,2025-12-03,false,analista_01
AL0000254,C000238,TITULAR,4,2025-12-08,false,analista_04
AL0000255,C000660,TITULAR,4,2025-12-08,false,analista_17
AL0000256,C000239,TITULAR,4,2025-12-15,true,analista_05
AL0000257,C001089,TITULAR,4,2025-12-27,true,analista_14
AL0000258,C000475,TITULAR,4,2026-01-06,false,analista_09
AL0000259,C000295,TITULAR,4,2026-01-10,true,analista_01
AL0000260,C001168,TITULAR,4,2026-01-23,false,analista_19
AL0000261,C001105,TITULAR,4,2026-01-24,true,analista_01
AL0000262,C000759,TITULAR,4,2026-02-01,true,analista_11
AL0000263,C000118,TITULAR,4,2026-02-13,false,analista_06
AL0000264,C000878,TITULAR,4,2026-02-15,true,analista_21
AL0000265,C000381,TITULAR,4,2026-02-16,true,analista_11
AL0000266,C000239,TITULAR,4,2026-02-23,true,analista_09
AL0000267,C000308,TITULAR,4,2026-02-28,false,analista_14
AL0000268,C001197,TITULAR,4,2026-03-01,true,analista_12
AL0000269,C000887,TITULAR,4,2026-03-05,false,analista_07
AL0000270,C000812,TITULAR,4,2026-03-12,true,analista_11
AL0000271,C000628,TITULAR,4,2026-03-14,false,analista_17
AL0000272,C001175,TITULAR,4,2026-03-24,true,analista_16
AL0000273,C000371,TITULAR,4,2026-03-27,false,analista_01
AL0000274,C000807,TITULAR,4,2026-04-13,false,analista_01
AL0000275,C000461,TITULAR,4,2026-04-18,false,analista_19
AL0000276,C000223,TITULAR,4,2025-10-28,false,analista_14
AL0000277,C000024,TITULAR,4,2025-11-06,true,analista_01
AL0000278,C000764,TITULAR,4,2025-11-10,true,analista_08
AL0000279,C001029,TITULAR,4,2025-11-11,false,analista_03
AL0000280,C001159,TITULAR,4,2025-11-11,true,analista_08
AL0000281,C000337,TITULAR,4,2025-11-27,false,analista_02
AL0000282,C001020,TITULAR,4,2025-11-30,false,analista_12
AL0000283,C001092,TITULAR,4,2025-12-02,true,analista_09
AL0000284,C000800,TITULAR,4,2025-12-06,true,analista_15
AL0000285,C000478,TITULAR,4,2025-12-07,true,analista_15
AL0000286,C000130,TITULAR,4,2025-12-17,true,analista_17
AL0000287,C000895,TITULAR,4,2025-12-23,true,analista_18
AL0000288,C000031,TITULAR,4,2025-12-25,true,analista_10
AL0000289,C000424,TITULAR,4,2026-01-02,false,analista_19
AL0000290,C000967,TITULAR,4,2026-01-07,true,analista_14
AL0000291,C000867,TITULAR,4,2026-01-10,true,analista_02
AL0000292,C001051,TITULAR,4,2026-01-26,false,analista_16
AL0000293,C001192,TITULAR,4,2026-01-27,true,analista_07
AL0000294,C001136,TITULAR,4,2026-02-15,false,analista_11
AL0000295,C000975,TITULAR,4,2026-02-18,false,analista_19
AL0000296,C000006,TITULAR,4,2026-02-20,true,analista_03
AL0000297,C000904,TITULAR,4,2026-02-24,false,analista_08
AL0000298,C000325,TITULAR,4,2026-02-27,false,analista_14
AL0000299,C000859,TITULAR,4,2026-03-01,true,analista_01
AL0000300,C001182,TITULAR,4,2026-03-02,false,analista_08
AL0000301,C001025,TITULAR,4,2026-03-11,true,analista_09
AL0000302,C001092,TITULAR,4,2026-03-20,true,analista_19
AL0000303,C000964,TITULAR,4,2026-03-24,true,analista_18
AL0000304,C000667,TITULAR,4,2026-03-28,true,analista_03
AL0000305,C000899,TITULAR,4,2026-04-07,false,analista_11
AL0000306,C000021,TITULAR,4,2026-04-18,true,analista_06
AL0000307,C000102,TITULAR,4,2025-10-23,true,analista_02
AL0000308,C000420,TITULAR,4,2025-10-24,true,analista_09
AL0000309,C000736,TITULAR,4,2025-11-01,true,analista_15
AL0000310,C000749,TITULAR,4,2025-11-02,true,analista_12
AL0000311,C000410,TITULAR,4,2025-11-12,false,analista_14
AL0000312,C000244,TITULAR,4,2025-11-16,true,analista_04
AL0000313,C001165,TITULAR,4,2025-11-16,false,analista_21
AL0000314,C001008,TITULAR,4,2025-11-20,false,analista_02
AL0000315,C000885,TITULAR,4,2025-11-23,true,analista_01
AL0000316,C000384,TITULAR,4,2025-11-25,false,analista_04
AL0000317,C000884,TITULAR,4,2025-12-03,false,analista_21
AL0000318,C000304,TITULAR,4,2025-12-08,true,analista_11
AL0000319,C000410,TITULAR,4,2025-12-18,true,analista_10
AL0000320,C000270,TITULAR,4,2025-12-19,true,analista_01
AL0000321,C001128,TITULAR,4,2025-12-28,true,analista_11
AL0000322,C000410,TITULAR,4,2026-01-04,false,analista_22
AL0000323,C001119,TITULAR,4,2026-01-07,true,analista_15
AL0000324,C000644,TITULAR,4,2026-01-25,false,analista_16
AL0000325,C000057,TITULAR,4,2026-01-30,true,analista_20
AL0000326,C001121,TITULAR,4,2026-02-01,true,analista_14
AL0000327,C000675,TITULAR,4,2026-02-01,true,analista_08
AL0000328,C000977,TITULAR,4,2026-02-03,false,analista_10
AL0000329,C000387,TITULAR,4,2026-02-07,false,analista_09
AL0000330,C000904,TITULAR,4,2026-02-11,false,analista_12
AL0000331,C000924,TITULAR,4,2026-02-12,true,analista_21
AL0000332,C000695,TITULAR,4,2026-02-18,false,analista_17
AL0000333,C000316,TITULAR,4,2026-03-10,false,analista_16
AL0000334,C001102,TITULAR,4,2026-03-11,false,analista_07
AL0000335,C000347,TITULAR,4,2026-03-19,false,analista_15
AL0000336,C000483,TITULAR,4,2026-03-22,true,analista_10
AL0000337,C000527,TITULAR,4,2026-03-23,false,analista_18
AL0000338,C000304,TITULAR,4,2026-03-26,true,analista_19
AL0000339,C000621,TITULAR,4,2026-03-27,false,analista_15
AL0000340,C000775,TITULAR,4,2026-04-03,true,analista_21
AL0000341,C000258,TITULAR,4,2026-04-13,true,analista_04
AL0000342,C001180,TITULAR,4,2026-04-17,true,analista_20
AL0000343,C000357,TITULAR,4,2025-10-26,true,analista_06
AL0000344,C000558,TITULAR,4,2025-10-26,true,analista_11
AL0000345,C000046,TITULAR,4,2025-11-02,true,analista_12
AL0000346,C001197,TITULAR,4,2025-11-06,true,analista_19
AL0000347,C000185,TITULAR,4,2025-11-07,true,analista_15
AL0000348,C001192,TITULAR,4,2025-11-10,true,analista_12
AL0000349,C000061,TITULAR,4,2025-11-17,false,analista_16
AL0000350,C000052,TITULAR,4,2025-11-19,false,analista_07
AL0000351,C001041,TITULAR,4,2025-11-19,true,analista_20
AL0000352,C000068,TITULAR,4,2025-11-29,false,analista_14
AL0000353,C000446,TITULAR,4,2025-11-30,false,analista_14
AL0000354,C001176,TITULAR,4,2025-12-03,false,analista_05
AL0000355,C000012,TITULAR,4,2025-12-03,true,analista_08
AL0000356,C000918,TITULAR,4,2025-12-13,true,analista_07
AL0000357,C000335,TITULAR,4,2025-12-27,false,analista_10
AL0000358,C000053,TITULAR,4,2026-01-05,true,analista_09
AL0000359,C000057,TITULAR,4,2026-01-07,false,analista_03
AL0000360,C001010,TITULAR,4,2026-01-07,true,analista_17
AL0000361,C000269,TITULAR,4,2026-01-08,true,analista_14
AL0000362,C000391,TITULAR,4,2026-01-11,false,analista_21
AL0000363,C001081,TITULAR,4,2026-01-16,true,analista_11
AL0000364,C000120,TITULAR,4,2026-01-17,false,analista_13
AL0000365,C000922,TITULAR,4,2026-01-19,true,analista_17
AL0000366,C000512,TITULAR,4,2026-01-20,true,analista_14
AL0000367,C000884,TITULAR,4,2026-01-30,false,analista_04
AL0000368,C001140,TITULAR,4,2026-02-02,true,analista_05
AL0000369,C000334,TITULAR,4,2026-02-04,false,analista_07
AL0000370,C000737,TITULAR,4,2026-02-06,false,analista_02
AL0000371,C000496,TITULAR,4,2026-02-06,true,analista_08
AL0000372,C000029,TITULAR,4,2026-02-12,false,analista_04
AL0000373,C001164,TITULAR,4,2026-02-14,false,analista_08
AL0000374,C001025,TITULAR,4,2026-02-16,true,analista_19
AL0000375,C001129,TITULAR,4,2026-02-16,false,analista_18
AL0000376,C000788,TITULAR,4,2026-02-22,false,analista_10
AL0000377,C000009,TITULAR,4,2026-02-23,false,analista_08
AL0000378,C000409,TITULAR,4,2026-02-23,false,analista_09
AL0000379,C000828,TITULAR,4,2026-02-27,false,analista_06
AL0000380,C000492,TITULAR,4,2026-03-03,false,analista_21
AL0000381,C000266,TITULAR,4,2026-03-07,false,analista_20
AL0000382,C000487,TITULAR,4,2026-03-18,true,analista_01
AL0000383,C000090,TITULAR,4,2026-03-23,true,analista_03
AL0000384,C000626,TITULAR,4,2026-03-29,true,analista_12
AL0000385,C000024,TITULAR,4,2026-03-31,true,analista_09
AL0000386,C000702,TITULAR,4,2026-04-02,false,analista_17
AL0000387,C000269,TITULAR,4,2026-04-04,true,analista_20
AL0000388,C000646,TITULAR,4,2026-04-15,true,analista_21
AL0000389,C000695,TITULAR,4,2026-04-19,false,analista_17
AL0000390,C000341,TITULAR,4,2025-10-23,false,analista_20
AL0000391,C000250,TITULAR,4,2025-10-23,true,analista_09
AL0000392,C000601,TITULAR,4,2025-10-25,true,analista_18
AL0000393,C000910,TITULAR,4,2025-10-26,true,analista_03
AL0000394,C000063,TITULAR,4,2025-10-26,false,analista_10
AL0000395,C001104,TITULAR,4,2025-10-27,true,analista_05
AL0000396,C000306,TITULAR,4,2025-10-30,false,analista_19
AL0000397,C000432,TITULAR,4,2025-11-02,false,analista_19
AL0000398,C001167,TITULAR,4,2025-11-12,false,analista_22
AL0000399,C000539,TITULAR,4,2025-11-17,false,analista_02
AL0000400,C000087,TITULAR,4,2025-11-19,true,analista_10
AL0000401,C000588,TITULAR,4,2025-11-19,true,analista_21
AL0000402,C000027,TITULAR,4,2025-11-22,false,analista_16
AL0000403,C000870,TITULAR,4,2025-11-27,true,analista_15
AL0000404,C001154,TITULAR,4,2025-12-05,false,analista_20
AL0000405,C001060,TITULAR,4,2025-12-08,true,analista_15
AL0000406,C000360,TITULAR,4,2025-12-09,false,analista_17
AL0000407,C000328,TITULAR,4,2025-12-10,false,analista_13
AL0000408,C000103,TITULAR,4,2025-12-12,true,analista_21
AL0000409,C000605,TITULAR,4,2025-12-13,true,analista_19
AL0000410,C001048,TITULAR,4,2025-12-13,false,analista_11
AL0000411,C000734,TITULAR,4,2025-12-14,true,analista_20
AL0000412,C000655,TITULAR,4,2025-12-14,true,analista_03
AL0000413,C001113,TITULAR,4,2025-12-18,true,analista_09
AL0000414,C000325,TITULAR,4,2025-12-20,false,analista_15
AL0000415,C001108,TITULAR,4,2025-12-21,false,analista_08
AL0000416,C000334,TITULAR,4,2025-12-25,true,analista_01
AL0000417,C000842,TITULAR,4,2026-01-01,false,analista_09
AL0000418,C000803,TITULAR,4,2026-01-02,true,analista_11
AL0000419,C001189,TITULAR,4,2026-01-05,false,analista_16
AL0000420,C000281,TITULAR,4,2026-01-06,true,analista_03
AL0000421,C000344,TITULAR,4,2026-01-09,true,analista_07
AL0000422,C000288,TITULAR,4,2026-01-18,true,analista_06
AL0000423,C000053,TITULAR,4,2026-01-29,true,analista_07
AL0000424,C000465,TITULAR,4,2026-02-03,false,analista_17
AL0000425,C000359,TITULAR,4,2026-02-08,true,analista_11
AL0000426,C000391,TITULAR,4,2026-02-11,true,analista_12
AL0000427,C000578,TITULAR,4,2026-02-14,true,analista_17
AL0000428,C000627,TITULAR,4,2026-02-27,false,analista_01
AL0000429,C000208,TITULAR,4,2026-03-01,true,analista_14
AL0000430,C000884,TITULAR,4,2026-03-01,true,analista_01
AL0000431,C000263,TITULAR,4,2026-03-02,true,analista_16
AL0000432,C001081,TITULAR,4,2026-03-07,true,analista_01
AL0000433,C000146,TITULAR,4,2026-03-08,true,analista_17
AL0000434,C000327,TITULAR,4,2026-03-25,true,analista_11
AL0000435,C000045,TITULAR,4,2026-03-26,false,analista_09
AL0000436,C000983,TITULAR,4,2026-04-06,false,analista_11
AL0000437,C000914,TITULAR,4,2026-04-11,false,analista_22
AL0000438,C000774,TITULAR,4,2026-04-14,false,analista_02
AL0000439,C000536,TITULAR,4,2026-04-17,false,analista_22
AL0000440,C000540,TITULAR,4,2026-04-17,false,analista_01
AL0000441,C000274,TITULAR,4,2026-04-18,true,analista_08
AL0000442,C000452,TITULAR,4,2025-11-04,false,analista_02
AL0000443,C001107,TITULAR,4,2025-11-05,true,analista_15
AL0000444,C001165,TITULAR,4,2025-11-07,true,analista_21
AL0000445,C000807,TITULAR,4,2025-11-08,false,analista_20
AL0000446,C000995,TITULAR,4,2025-11-13,false,analista_17
AL0000447,C000465,TITULAR,4,2025-11-17,true,analista_21
AL0000448,C001197,TITULAR,4,2025-11-21,true,analista_17
AL0000449,C000496,TITULAR,4,2025-11-22,false,analista_22
AL0000450,C000976,TITULAR,4,2025-11-22,true,analista_03
AL0000451,C000859,TITULAR,4,2025-11-27,false,analista_04
AL0000452,C000453,TITULAR,4,2025-11-27,true,analista_20
AL0000453,C001002,TITULAR,4,2025-12-02,false,analista_03
AL0000454,C000074,TITULAR,4,2025-12-03,true,analista_16
AL0000455,C000048,TITULAR,4,2025-12-13,false,analista_05
AL0000456,C001112,TITULAR,4,2025-12-19,true,analista_21
AL0000457,C000114,TITULAR,4,2025-12-27,true,analista_07
AL0000458,C001190,TITULAR,4,2025-12-29,false,analista_19
AL0000459,C000752,TITULAR,4,2026-01-02,false,analista_05
AL0000460,C000980,TITULAR,4,2026-01-04,true,analista_04
AL0000461,C000061,TITULAR,4,2026-01-12,true,analista_10
AL0000462,C000330,TITULAR,4,2026-01-14,true,analista_04
AL0000463,C000871,TITULAR,4,2026-01-15,true,analista_13
AL0000464,C000271,TITULAR,4,2026-01-18,false,analista_18
AL0000465,C000724,TITULAR,4,2026-01-18,true,analista_06
AL0000466,C000203,TITULAR,4,2026-01-19,true,analista_10
AL0000467,C000748,TITULAR,4,2026-01-19,true,analista_10
AL0000468,C000295,TITULAR,4,2026-01-21,false,analista_20
AL0000469,C000766,TITULAR,4,2026-01-23,false,analista_16
AL0000470,C000675,TITULAR,4,2026-01-31,true,analista_12
AL0000471,C000766,TITULAR,4,2026-02-02,false,analista_09
AL0000472,C000676,TITULAR,4,2026-02-02,false,analista_04
AL0000473,C001167,TITULAR,4,2026-02-03,true,analista_21
AL0000474,C000884,TITULAR,4,2026-02-04,false,analista_14
AL0000475,C000928,TITULAR,4,2026-02-06,false,analista_16
AL0000476,C000314,TITULAR,4,2026-02-23,true,analista_18
AL0000477,C000905,TITULAR,4,2026-02-28,true,analista_15
AL0000478,C000236,TITULAR,4,2026-03-11,true,analista_16
AL0000479,C000927,TITULAR,4,2026-03-14,false,analista_18
AL0000480,C000240,TITULAR,4,2026-03-19,false,analista_16
AL0000481,C001127,TITULAR,4,2026-03-19,false,analista_16
AL0000482,C000087,TITULAR,4,2026-03-22,true,analista_11
AL0000483,C000812,TITULAR,4,2026-03-26,false,analista_15
AL0000484,C001039,TITULAR,4,2026-03-26,false,analista_05
AL0000485,C000347,TITULAR,4,2026-04-14,true,analista_19
AL0000486,C000689,TITULAR,4,2026-04-15,true,analista_11
AL0000487,C000976,TITULAR,4,2026-04-15,false,analista_19
AL0000488,C000416,TITULAR,4,2026-04-18,false,analista_17
AL0000489,C000675,TITULAR,4,2026-04-19,true,analista_07
AL0000490,C001009,TITULAR,4,2025-10-23,true,analista_09
AL0000491,C000528,TITULAR,4,2025-10-28,false,analista_08
AL0000492,C000857,TITULAR,4,2025-10-28,true,analista_13
AL0000493,C000991,TITULAR,4,2025-10-28,false,analista_14
AL0000494,C000537,TITULAR,4,2025-11-06,false,analista_02
AL0000495,C000398,TITULAR,4,2025-11-06,true,analista_06
AL0000496,C000741,TITULAR,4,2025-11-08,false,analista_22
AL0000497,C000474,TITULAR,4,2025-11-17,true,analista_18
AL0000498,C000331,TITULAR,4,2025-11-19,true,analista_17
AL0000499,C001196,TITULAR,4,2025-11-26,true,analista_19
AL0000500,C000495,TITULAR,4,2025-11-26,true,analista_17
AL0000501,C000667,TITULAR,4,2025-11-30,true,analista_07
AL0000502,C000182,TITULAR,4,2025-11-30,true,analista_04
AL0000503,C000525,TITULAR,4,2025-12-02,true,analista_19
AL0000504,C000442,TITULAR,4,2025-12-10,false,analista_14
AL0000505,C000255,TITULAR,4,2025-12-11,false,analista_01
AL0000506,C000819,TITULAR,4,2025-12-23,false,analista_17
AL0000507,C000980,TITULAR,4,2025-12-24,false,analista_04
AL0000508,C001081,TITULAR,4,2026-01-03,false,analista_14
AL0000509,C000115,TITULAR,4,2026-01-09,true,analista_03
AL0000510,C001113,TITULAR,4,2026-01-11,true,analista_14
AL0000511,C000357,TITULAR,4,2026-01-11,true,analista_06
AL0000512,C000368,TITULAR,4,2026-01-13,false,analista_22
AL0000513,C000410,TITULAR,4,2026-01-20,true,analista_08
AL0000514,C001119,TITULAR,4,2026-01-25,false,analista_01
AL0000515,C000067,TITULAR,4,2026-01-29,false,analista_16
AL0000516,C001087,TITULAR,4,2026-01-31,false,analista_09
AL0000517,C000095,TITULAR,4,2026-02-05,true,analista_09
AL0000518,C000637,TITULAR,4,2026-02-10,false,analista_22
AL0000519,C000018,TITULAR,4,2026-02-11,false,analista_05
AL0000520,C001072,TITULAR,4,2026-02-14,true,analista_13
AL0000521,C000179,TITULAR,4,2026-02-19,false,analista_19
AL0000522,C001041,TITULAR,4,2026-02-24,false,analista_08
AL0000523,C000985,TITULAR,4,2026-02-26,true,analista_07
AL0000524,C001096,TITULAR,4,2026-02-27,true,analista_15
AL0000525,C000416,TITULAR,4,2026-02-28,false,analista_22
AL0000526,C000659,TITULAR,4,2026-03-05,true,analista_13
AL0000527,C000668,TITULAR,4,2026-03-10,true,analista_12
AL0000528,C000047,TITULAR,4,2026-03-16,false,analista_12
AL0000529,C000272,TITULAR,4,2026-03-18,true,analista_11
AL0000530,C001138,TITULAR,4,2026-03-22,true,analista_22
AL0000531,C001097,TITULAR,4,2026-03-23,true,analista_09
AL0000532,C000186,TITULAR,4,2026-03-23,true,analista_15
AL0000533,C000646,TITULAR,4,2026-03-24,true,analista_01
AL0000534,C000060,TITULAR,4,2026-03-25,true,analista_17
AL0000535,C000692,TITULAR,4,2026-03-30,false,analista_17
AL0000536,C000116,TITULAR,4,2026-04-01,false,analista_21
AL0000537,C000795,TITULAR,4,2026-04-05,false,analista_06
AL0000538,C000074,TITULAR,4,2026-04-11,false,analista_10
AL0000539,C000778,TITULAR,4,2026-04-13,false,analista_09
AL0000540,C001171,TITULAR,4,2026-04-16,true,analista_20
AL0000541,C000184,TITULAR,3,2025-10-30,true,analista_16
AL0000542,C001010,TITULAR,3,2025-10-31,false,analista_18
AL0000543,C001048,TITULAR,3,2025-11-01,true,analista_11
AL0000544,C000977,TITULAR,3,2025-11-09,true,analista_07
AL0000545,C001015,TITULAR,3,2025-11-12,true,analista_09
AL0000546,C000223,TITULAR,3,2025-11-20,true,analista_19
AL0000547,C000006,TITULAR,3,2025-11-22,true,analista_13
AL0000548,C000762,TITULAR,3,2025-11-26,false,analista_05
AL0000549,C000696,TITULAR,3,2025-11-27,false,analista_10
AL0000550,C000862,TITULAR,3,2025-12-17,true,analista_06
AL0000551,C000496,TITULAR,3,2025-12-31,false,analista_22
AL0000552,C000572,TITULAR,3,2026-01-01,false,analista_15
AL0000553,C000949,TITULAR,3,2026-01-05,false,analista_21
AL0000554,C000643,TITULAR,3,2026-01-05,false,analista_14
AL0000555,C000638,TITULAR,3,2026-01-08,true,analista_20
AL0000556,C000976,TITULAR,3,2026-01-10,true,analista_21
AL0000557,C000271,TITULAR,3,2026-01-11,false,analista_14
AL0000558,C001116,TITULAR,3,2026-01-14,true,analista_11
AL0000559,C001095,TITULAR,3,2026-01-17,false,analista_15
AL0000560,C000919,TITULAR,3,2026-01-18,false,analista_08
AL0000561,C000575,TITULAR,3,2026-01-30,false,analista_11
AL0000562,C000793,TITULAR,3,2026-02-04,true,analista_12
AL0000563,C001171,TITULAR,3,2026-02-14,true,analista_19
AL0000564,C000426,TITULAR,3,2026-02-16,true,analista_05
AL0000565,C000913,TITULAR,3,2026-02-17,true,analista_15
AL0000566,C000795,TITULAR,3,2026-02-24,false,analista_01
AL0000567,C000031,TITULAR,3,2026-02-27,false,analista_20
AL0000568,C000235,TITULAR,3,2026-02-28,false,analista_08
AL0000569,C000357,TITULAR,3,2026-03-01,false,analista_11
AL0000570,C000260,TITULAR,3,2026-03-04,false,analista_11
AL0000571,C001077,TITULAR,3,2026-03-05,true,analista_18
AL0000572,C000089,TITULAR,3,2026-03-06,false,analista_22
AL0000573,C000253,TITULAR,3,2026-03-10,false,analista_14
AL0000574,C000681,TITULAR,3,2026-03-11,true,analista_07
AL0000575,C000332,TITULAR,3,2026-03-13,false,analista_05
AL0000576,C000978,TITULAR,3,2026-03-15,false,analista_11
AL0000577,C000096,TITULAR,3,2026-03-15,true,analista_14
AL0000578,C000212,TITULAR,3,2026-03-16,false,analista_03
AL0000579,C000006,TITULAR,3,2026-03-17,false,analista_08
AL0000580,C000667,TITULAR,3,2026-03-17,true,analista_19
AL0000581,C000347,TITULAR,3,2026-03-21,true,analista_11
AL0000582,C000922,TITULAR,3,2026-03-22,true,analista_01
AL0000583,C000253,TITULAR,3,2026-03-25,true,analista_10
AL0000584,C000644,TITULAR,3,2026-03-25,false,analista_21
AL0000585,C000266,TITULAR,3,2026-03-28,true,analista_18
AL0000586,C000890,TITULAR,3,2026-03-29,false,analista_05
AL0000587,C000965,TITULAR,3,2026-03-30,false,analista_08
AL0000588,C000919,TITULAR,3,2026-03-31,true,analista_15
AL0000589,C000529,TITULAR,3,2026-04-01,true,analista_11
AL0000590,C000704,TITULAR,3,2026-04-01,false,analista_02
AL0000591,C000974,TITULAR,3,2026-04-03,false,analista_05
AL0000592,C000526,TITULAR,3,2026-04-07,true,analista_05
AL0000593,C000725,TITULAR,3,2026-04-09,true,analista_01
AL0000594,C000029,TITULAR,3,2026-04-14,true,analista_19
AL0000595,C001036,TITULAR,3,2026-04-14,false,analista_06
AL0000596,C001129,TITULAR,3,2026-04-20,false,analista_14
AL0000597,C000182,TITULAR,3,2026-04-20,false,analista_11
AL0000598,C000983,TITULAR,3,2025-10-24,false,analista_20
AL0000599,C000485,TITULAR,3,2025-10-30,true,analista_10
AL0000600,C001020,TITULAR,3,2025-10-30,true,analista_21
AL0000601,C000443,TITULAR,3,2025-11-02,true,analista_01
AL0000602,C000234,TITULAR,3,2025-11-02,true,analista_03
AL0000603,C000762,TITULAR,3,2025-11-09,false,analista_15
AL0000604,C000608,TITULAR,3,2025-11-23,true,analista_22
AL0000605,C000096,TITULAR,3,2025-11-23,false,analista_18
AL0000606,C000205,TITULAR,3,2025-11-25,false,analista_11
AL0000607,C000896,TITULAR,3,2025-11-27,false,analista_01
AL0000608,C000634,TITULAR,3,2025-11-30,false,analista_16
AL0000609,C000608,TITULAR,3,2025-12-01,false,analista_01
AL0000610,C000342,TITULAR,3,2025-12-07,false,analista_02
AL0000611,C000023,TITULAR,3,2025-12-08,true,analista_12
AL0000612,C001180,TITULAR,3,2025-12-09,false,analista_22
AL0000613,C000901,TITULAR,3,2025-12-15,false,analista_01
AL0000614,C000801,TITULAR,3,2025-12-21,true,analista_20
AL0000615,C000108,TITULAR,3,2025-12-22,false,analista_16
AL0000616,C000574,TITULAR,3,2025-12-22,true,analista_14
AL0000617,C000252,TITULAR,3,2025-12-26,false,analista_06
AL0000618,C000879,TITULAR,3,2025-12-26,true,analista_14
AL0000619,C001119,TITULAR,3,2025-12-29,false,analista_07
AL0000620,C000438,TITULAR,3,2026-01-02,false,analista_01
AL0000621,C000106,TITULAR,3,2026-01-06,true,analista_13
AL0000622,C000118,TITULAR,3,2026-01-07,true,analista_08
AL0000623,C000334,TITULAR,3,2026-01-09,true,analista_05
AL0000624,C001020,TITULAR,3,2026-01-09,false,analista_12
AL0000625,C001170,TITULAR,3,2026-01-11,false,analista_02
AL0000626,C000881,TITULAR,3,2026-01-13,false,analista_06
AL0000627,C000716,TITULAR,3,2026-01-15,false,analista_08
AL0000628,C000524,TITULAR,3,2026-01-26,true,analista_15
AL0000629,C000602,TITULAR,3,2026-02-01,false,analista_17
AL0000630,C000620,TITULAR,3,2026-02-06,true,analista_17
AL0000631,C001072,TITULAR,3,2026-02-07,true,analista_02
AL0000632,C001008,TITULAR,3,2026-02-08,true,analista_02
AL0000633,C000984,TITULAR,3,2026-02-09,false,analista_14
AL0000634,C000478,TITULAR,3,2026-02-10,false,analista_07
AL0000635,C000391,TITULAR,3,2026-02-10,false,analista_04
AL0000636,C000293,TITULAR,3,2026-02-14,true,analista_13
AL0000637,C000108,TITULAR,3,2026-02-15,false,analista_11
AL0000638,C000848,TITULAR,3,2026-02-18,true,analista_09
AL0000639,C000028,TITULAR,3,2026-02-19,true,analista_08
AL0000640,C000733,TITULAR,3,2026-02-19,true,analista_18
AL0000641,C000039,TITULAR,3,2026-02-20,true,analista_17
AL0000642,C000848,TITULAR,3,2026-02-21,false,analista_13
AL0000643,C000493,TITULAR,3,2026-02-22,true,analista_20
AL0000644,C001014,TITULAR,3,2026-02-28,true,analista_20
AL0000645,C000222,TITULAR,3,2026-03-02,true,analista_04
AL0000646,C001198,TITULAR,3,2026-03-15,true,analista_12
AL0000647,C000356,TITULAR,3,2026-03-15,true,analista_01
AL0000648,C000265,TITULAR,3,2026-03-22,false,analista_11
AL0000649,C000882,TITULAR,3,2026-03-24,false,analista_05
AL0000650,C000453,TITULAR,3,2026-04-05,true,analista_05
AL0000651,C000482,TITULAR,3,2026-04-10,true,analista_12
AL0000652,C000644,TITULAR,3,2026-04-12,true,analista_21
AL0000653,C000901,TITULAR,3,2026-04-14,false,analista_08
AL0000654,C000663,TITULAR,3,2026-04-14,true,analista_05
AL0000655,C000024,TITULAR,3,2026-04-18,false,analista_02
AL0000656,C000291,TITULAR,3,2025-10-24,false,analista_18
AL0000657,C000831,TITULAR,3,2025-10-27,true,analista_15
AL0000658,C000398,TITULAR,3,2025-10-31,true,analista_11
AL0000659,C000735,TITULAR,3,2025-11-01,true,analista_13
AL0000660,C000492,TITULAR,3,2025-11-17,true,analista_13
AL0000661,C000290,TITULAR,3,2025-11-20,false,analista_08
AL0000662,C000748,TITULAR,3,2025-11-25,true,analista_14
AL0000663,C000569,TITULAR,3,2025-11-28,true,analista_09
AL0000664,C001018,TITULAR,3,2025-11-29,true,analista_12
AL0000665,C000292,TITULAR,3,2025-12-04,false,analista_03
AL0000666,C001104,TITULAR,3,2025-12-14,false,analista_10
AL0000667,C001153,TITULAR,3,2025-12-15,false,analista_08
AL0000668,C000708,TITULAR,3,2025-12-17,true,analista_10
AL0000669,C000416,TITULAR,3,2025-12-18,true,analista_22
AL0000670,C000544,TITULAR,3,2025-12-28,true,analista_12
AL0000671,C000599,TITULAR,3,2025-12-29,false,analista_18
AL0000672,C000049,TITULAR,3,2026-01-01,false,analista_03
AL0000673,C001151,TITULAR,3,2026-01-04,true,analista_15
AL0000674,C000377,TITULAR,3,2026-01-07,true,analista_16
AL0000675,C000222,TITULAR,3,2026-01-11,true,analista_15
AL0000676,C001175,TITULAR,3,2026-01-12,true,analista_10
AL0000677,C000484,TITULAR,3,2026-01-13,true,analista_05
AL0000678,C000653,TITULAR,3,2026-01-14,true,analista_14
AL0000679,C000393,TITULAR,3,2026-01-17,false,analista_10
AL0000680,C000977,TITULAR,3,2026-01-23,false,analista_21
AL0000681,C000545,TITULAR,3,2026-02-18,false,analista_16
AL0000682,C000361,TITULAR,3,2026-02-22,false,analista_19
AL0000683,C000329,TITULAR,3,2026-02-22,false,analista_11
AL0000684,C001144,TITULAR,3,2026-02-26,true,analista_03
AL0000685,C000125,TITULAR,3,2026-03-01,false,analista_09
AL0000686,C000064,TITULAR,3,2026-03-04,true,analista_18
AL0000687,C000569,TITULAR,3,2026-03-12,false,analista_13
AL0000688,C000871,TITULAR,3,2026-03-12,true,analista_14
AL0000689,C000778,TITULAR,3,2026-03-14,true,analista_14
AL0000690,C000495,TITULAR,3,2026-03-18,false,analista_19
AL0000691,C000017,TITULAR,3,2026-03-20,false,analista_06
AL0000692,C000290,TITULAR,3,2026-03-20,true,analista_07
AL0000693,C000110,TITULAR,3,2026-03-20,true,analista_14
AL0000694,C000384,TITULAR,3,2026-03-28,true,analista_06
AL0000695,C000364,TITULAR,3,2026-03-28,false,analista_14
AL0000696,C001108,TITULAR,3,2026-04-06,true,analista_11
AL0000697,C000213,TITULAR,3,2026-04-16,false,analista_10
AL0000698,C000365,TITULAR,3,2026-04-16,true,analista_16
AL0000699,C000010,TITULAR,3,2026-04-18,true,analista_20
AL0000700,C001118,TITULAR,3,2026-04-19,true,analista_12
AL0000701,C000617,TITULAR,3,2025-10-26,true,analista_18
AL0000702,C001035,TITULAR,3,2025-10-26,false,analista_19
AL0000703,C000478,TITULAR,3,2025-10-30,true,analista_02
AL0000704,C000072,TITULAR,3,2025-10-30,true,analista_20
AL0000705,C001122,TITULAR,3,2025-11-09,false,analista_13
AL0000706,C000613,TITULAR,3,2025-11-12,true,analista_08
AL0000707,C000497,TITULAR,3,2025-11-14,true,analista_16
AL0000708,C000032,TITULAR,3,2025-11-15,true,analista_22
AL0000709,C000282,TITULAR,3,2025-11-29,false,analista_14
AL0000710,C000617,TITULAR,3,2025-12-01,true,analista_22
AL0000711,C001129,TITULAR,3,2025-12-01,false,analista_12
AL0000712,C000208,TITULAR,3,2025-12-05,false,analista_13
AL0000713,C000547,TITULAR,3,2025-12-06,false,analista_09
AL0000714,C000401,TITULAR,3,2025-12-07,true,analista_15
AL0000715,C000914,TITULAR,3,2025-12-09,false,analista_05
AL0000716,C001090,TITULAR,3,2025-12-14,true,analista_09
AL0000717,C000596,TITULAR,3,2025-12-24,false,analista_18
AL0000718,C000446,TITULAR,3,2025-12-24,false,analista_18
AL0000719,C000476,TITULAR,3,2025-12-26,false,analista_03
AL0000720,C000208,TITULAR,3,2025-12-29,true,analista_10
AL0000721,C000255,TITULAR,3,2026-01-05,false,analista_13
AL0000722,C000029,TITULAR,3,2026-01-06,false,analista_01
AL0000723,C000218,TITULAR,3,2026-01-06,false,analista_05
AL0000724,C000066,TITULAR,3,2026-01-07,false,analista_12
AL0000725,C000762,TITULAR,3,2026-01-12,true,analista_05
AL0000726,C000508,TITULAR,3,2026-01-13,true,analista_02
AL0000727,C001016,TITULAR,3,2026-01-13,false,analista_21
AL0000728,C000758,TITULAR,3,2026-01-13,false,analista_02
AL0000729,C000454,TITULAR,3,2026-01-14,true,analista_15
AL0000730,C000213,TITULAR,3,2026-01-18,true,analista_12
AL0000731,C001010,TITULAR,3,2026-01-23,true,analista_11
AL0000732,C001198,TITULAR,3,2026-01-25,false,analista_12
AL0000733,C000680,TITULAR,3,2026-01-31,false,analista_21
AL0000734,C000701,TITULAR,3,2026-02-01,false,analista_20
AL0000735,C000596,TITULAR,3,2026-02-02,true,analista_09
AL0000736,C000492,TITULAR,3,2026-02-03,true,analista_04
AL0000737,C000508,TITULAR,3,2026-02-05,false,analista_14
AL0000738,C000342,TITULAR,3,2026-02-09,true,analista_07
AL0000739,C000664,TITULAR,3,2026-02-13,true,analista_08
AL0000740,C000381,TITULAR,3,2026-02-19,false,analista_05
AL0000741,C000121,TITULAR,3,2026-02-27,false,analista_14
AL0000742,C000896,TITULAR,3,2026-03-04,false,analista_01
AL0000743,C000005,TITULAR,3,2026-03-18,false,analista_17
AL0000744,C000048,TITULAR,3,2026-03-24,false,analista_13
AL0000745,C000946,TITULAR,3,2026-03-27,false,analista_02
AL0000746,C000124,TITULAR,3,2026-03-29,false,analista_12
AL0000747,C001127,TITULAR,3,2026-03-30,false,analista_18
AL0000748,C000212,TITULAR,3,2026-04-04,true,analista_01
AL0000749,C000114,TITULAR,3,2026-04-05,false,analista_04
AL0000750,C000803,TITULAR,3,2026-04-05,true,analista_16
AL0000751,C000487,TITULAR,3,2026-04-05,false,analista_20
AL0000752,C001032,TITULAR,3,2026-04-14,true,analista_05
AL0000753,C001101,TITULAR,3,2026-04-15,false,analista_09
AL0000754,C000368,TITULAR,3,2026-04-18,false,analista_14
AL0000755,C000416,TITULAR,3,2025-10-27,true,analista_02
AL0000756,C000437,TITULAR,3,2025-10-28,false,analista_06
AL0000757,C000460,TITULAR,3,2025-10-29,false,analista_10
AL0000758,C000551,TITULAR,3,2025-10-30,true,analista_03
AL0000759,C000152,TITULAR,3,2025-10-30,true,analista_05
AL0000760,C000583,TITULAR,3,2025-11-02,true,analista_05
AL0000761,C000667,TITULAR,3,2025-11-04,true,analista_06
AL0000762,C001051,TITULAR,3,2025-11-06,true,analista_20
AL0000763,C000190,TITULAR,3,2025-11-13,true,analista_21
AL0000764,C000605,TITULAR,3,2025-11-16,true,analista_12
AL0000765,C001178,TITULAR,3,2025-11-19,false,analista_21
AL0000766,C000481,TITULAR,3,2025-11-19,false,analista_01
AL0000767,C000229,TITULAR,3,2025-11-20,false,analista_01
AL0000768,C001000,TITULAR,3,2025-11-21,false,analista_08
AL0000769,C001166,TITULAR,3,2025-11-21,true,analista_20
AL0000770,C000484,TITULAR,3,2025-11-22,false,analista_22
AL0000771,C001167,TITULAR,3,2025-11-22,false,analista_09
AL0000772,C000451,TITULAR,3,2025-11-24,false,analista_21
AL0000773,C001103,TITULAR,3,2025-11-26,true,analista_11
AL0000774,C000903,TITULAR,3,2025-11-26,true,analista_01
AL0000775,C000273,TITULAR,3,2025-11-27,true,analista_07
AL0000776,C000724,TITULAR,3,2025-12-05,false,analista_21
AL0000777,C000802,TITULAR,3,2025-12-07,true,analista_14
AL0000778,C001052,TITULAR,3,2025-12-10,true,analista_09
AL0000779,C000901,TITULAR,3,2025-12-16,false,analista_02
AL0000780,C000751,TITULAR,3,2025-12-17,false,analista_13
AL0000781,C000969,TITULAR,3,2025-12-20,false,analista_07
AL0000782,C000818,TITULAR,3,2025-12-20,true,analista_13
AL0000783,C000271,TITULAR,3,2025-12-23,true,analista_14
AL0000784,C000683,TITULAR,3,2025-12-24,false,analista_18
AL0000785,C000866,TITULAR,3,2025-12-28,true,analista_02
AL0000786,C001028,TITULAR,3,2025-12-28,false,analista_20
AL0000787,C000706,TITULAR,3,2025-12-29,false,analista_01
AL0000788,C000135,TITULAR,3,2025-12-31,true,analista_12
AL0000789,C000312,TITULAR,3,2025-12-31,true,analista_19
AL0000790,C000486,TITULAR,3,2026-01-02,true,analista_06
AL0000791,C000023,TITULAR,3,2026-01-02,true,analista_11
AL0000792,C000156,TITULAR,3,2026-01-03,false,analista_02
AL0000793,C001193,TITULAR,3,2026-01-08,false,analista_13
AL0000794,C000483,TITULAR,3,2026-01-09,true,analista_05
AL0000795,C000818,TITULAR,3,2026-01-13,true,analista_10
AL0000796,C001148,TITULAR,3,2026-01-22,true,analista_07
AL0000797,C001113,TITULAR,3,2026-01-23,false,analista_06
AL0000798,C001077,TITULAR,3,2026-01-24,false,analista_16
AL0000799,C000867,TITULAR,3,2026-01-27,false,analista_09
AL0000800,C000301,TITULAR,3,2026-01-29,false,analista_19
AL0000801,C000455,TITULAR,3,2026-01-31,true,analista_12
AL0000802,C000599,TITULAR,3,2026-01-31,true,analista_14
AL0000803,C000427,TITULAR,3,2026-02-04,true,analista_22
AL0000804,C001091,TITULAR,3,2026-02-06,true,analista_18
AL0000805,C000660,TITULAR,3,2026-02-06,false,analista_08
AL0000806,C000083,TITULAR,3,2026-02-12,false,analista_09
AL0000807,C000833,TITULAR,3,2026-02-13,false,analista_08
AL0000808,C001131,TITULAR,3,2026-02-15,false,analista_21
AL0000809,C000241,TITULAR,3,2026-02-18,true,analista_03
AL0000810,C000519,TITULAR,3,2026-02-21,true,analista_06
AL0000811,C000646,TITULAR,3,2026-02-22,true,analista_04
AL0000812,C000324,TITULAR,3,2026-02-22,false,analista_15
AL0000813,C000788,TITULAR,3,2026-02-23,false,analista_14
AL0000814,C000342,TITULAR,3,2026-02-27,false,analista_04
AL0000815,C000524,TITULAR,3,2026-03-01,true,analista_20
AL0000816,C000762,TITULAR,3,2026-03-06,true,analista_05
AL0000817,C000597,TITULAR,3,2026-03-11,false,analista_02
AL0000818,C000025,TITULAR,3,2026-03-16,true,analista_22
AL0000819,C000823,TITULAR,3,2026-03-23,true,analista_04
AL0000820,C000015,TITULAR,3,2026-03-31,false,analista_07
AL0000821,C000530,TITULAR,3,2026-04-01,true,analista_01
AL0000822,C000206,TITULAR,3,2026-04-02,true,analista_07
AL0000823,C001167,TITULAR,3,2026-04-05,true,analista_07
AL0000824,C000588,TITULAR,3,2026-04-12,true,analista_08
AL0000825,C000714,TITULAR,3,2026-04-20,false,analista_21
AL0000826,C000999,TITULAR,3,2025-10-29,false,analista_09
AL0000827,C000079,TITULAR,3,2025-11-01,false,analista_09
AL0000828,C000901,TITULAR,3,2025-11-01,true,analista_15
AL0000829,C000664,TITULAR,3,2025-11-03,true,analista_16
AL0000830,C000077,TITULAR,3,2025-11-05,false,analista_09
AL0000831,C000207,TITULAR,3,2025-11-05,true,analista_01
AL0000832,C000766,TITULAR,3,2025-11-07,true,analista_14
AL0000833,C000225,TITULAR,3,2025-11-07,false,analista_17
AL0000834,C000409,TITULAR,3,2025-11-09,true,analista_21
AL0000835,C000528,TITULAR,3,2025-11-10,false,analista_12
AL0000836,C001031,TITULAR,3,2025-11-10,false,analista_10
AL0000837,C001079,TITULAR,3,2025-11-13,false,analista_21
AL0000838,C001011,TITULAR,3,2025-11-19,false,analista_10
AL0000839,C000998,TITULAR,3,2025-11-21,true,analista_17
AL0000840,C000353,TITULAR,3,2025-11-21,true,analista_08
AL0000841,C000183,TITULAR,3,2025-11-21,true,analista_01
AL0000842,C000272,TITULAR,3,2025-11-21,true,analista_13
AL0000843,C001181,TITULAR,3,2025-11-22,false,analista_01
AL0000844,C000030,TITULAR,3,2025-11-24,false,analista_14
AL0000845,C000395,TITULAR,3,2025-12-02,false,analista_12
AL0000846,C000208,TITULAR,3,2025-12-02,false,analista_16
AL0000847,C000520,TITULAR,3,2025-12-02,false,analista_08
AL0000848,C000725,TITULAR,3,2025-12-08,true,analista_12
AL0000849,C001121,TITULAR,3,2025-12-10,true,analista_16
AL0000850,C000672,TITULAR,3,2025-12-11,false,analista_10
AL0000851,C001189,TITULAR,3,2025-12-11,true,analista_06
AL0000852,C001181,TITULAR,3,2025-12-12,false,analista_21
AL0000853,C000235,TITULAR,3,2025-12-16,true,analista_07
AL0000854,C000209,TITULAR,3,2025-12-20,true,analista_15
AL0000855,C000725,TITULAR,3,2025-12-21,false,analista_22
AL0000856,C000882,TITULAR,3,2025-12-22,true,analista_17
AL0000857,C000668,TITULAR,3,2025-12-25,true,analista_10
AL0000858,C000966,TITULAR,3,2025-12-27,true,analista_16
AL0000859,C000416,TITULAR,3,2025-12-27,false,analista_11
AL0000860,C000395,TITULAR,3,2025-12-28,false,analista_13
AL0000861,C001059,TITULAR,3,2025-12-29,true,analista_07
AL0000862,C000715,TITULAR,3,2025-12-30,false,analista_03
AL0000863,C000302,TITULAR,3,2026-01-03,true,analista_14
AL0000864,C000350,TITULAR,3,2026-01-05,false,analista_19
AL0000865,C000035,TITULAR,3,2026-01-06,false,analista_17
AL0000866,C000223,TITULAR,3,2026-01-24,true,analista_17
AL0000867,C000246,TITULAR,3,2026-01-27,false,analista_13
AL0000868,C001191,TITULAR,3,2026-01-29,true,analista_22
AL0000869,C000465,TITULAR,3,2026-02-02,true,analista_13
AL0000870,C000411,TITULAR,3,2026-02-06,false,analista_10
AL0000871,C000610,TITULAR,3,2026-02-06,false,analista_05
AL0000872,C000525,TITULAR,3,2026-02-11,false,analista_12
AL0000873,C000246,TITULAR,3,2026-02-13,false,analista_14
AL0000874,C000877,TITULAR,3,2026-02-17,true,analista_15
AL0000875,C001076,TITULAR,3,2026-02-18,false,analista_11
AL0000876,C000067,TITULAR,3,2026-02-24,true,analista_05
AL0000877,C000720,TITULAR,3,2026-03-03,false,analista_16
AL0000878,C000312,TITULAR,3,2026-03-05,false,analista_11
AL0000879,C000872,TITULAR,3,2026-03-10,false,analista_04
AL0000880,C000978,TITULAR,3,2026-03-11,false,analista_21
AL0000881,C000496,TITULAR,3,2026-03-15,true,analista_14
AL0000882,C000290,TITULAR,3,2026-03-15,false,analista_17
AL0000883,C000141,TITULAR,3,2026-03-16,false,analista_03
AL0000884,C000321,TITULAR,3,2026-03-18,true,analista_09
AL0000885,C000339,TITULAR,3,2026-03-28,false,analista_03
AL0000886,C000362,TITULAR,3,2026-03-29,false,analista_07
AL0000887,C001053,TITULAR,3,2026-03-29,true,analista_06
AL0000888,C000378,TITULAR,3,2026-03-31,true,analista_11
AL0000889,C001157,TITULAR,3,2026-04-02,false,analista_16
AL0000890,C001152,TITULAR,3,2026-04-03,false,analista_04
AL0000891,C000959,TITULAR,3,2026-04-09,true,analista_22
AL0000892,C000351,TITULAR,3,2026-04-09,false,analista_07
AL0000893,C000012,TITULAR,3,2026-04-11,false,analista_13
AL0000894,C001149,TITULAR,3,2026-04-12,false,analista_17
AL0000895,C001008,TITULAR,3,2026-04-14,true,analista_22
AL0000896,C000834,TITULAR,3,2026-04-16,true,analista_02
AL0000897,C000398,TITULAR,3,2026-04-18,true,analista_04
AL0000898,C001116,TITULAR,3,2026-04-19,false,analista_18
AL0000899,C000199,TITULAR,3,2025-10-31,false,analista_19
AL0000900,C000009,TITULAR,3,2025-11-01,true,analista_19
AL0000901,C001170,TITULAR,3,2025-11-03,true,analista_15
AL0000902,C000046,TITULAR,3,2025-11-05,true,analista_21
AL0000903,C000752,TITULAR,3,2025-11-07,true,analista_09
AL0000904,C000985,TITULAR,3,2025-11-08,false,analista_19
AL0000905,C000355,TITULAR,3,2025-11-08,true,analista_15
AL0000906,C000052,TITULAR,3,2025-11-08,false,analista_17
AL0000907,C000997,TITULAR,3,2025-11-09,false,analista_16
AL0000908,C000779,TITULAR,3,2025-11-10,true,analista_08
AL0000909,C001102,TITULAR,3,2025-11-11,true,analista_03
AL0000910,C000965,TITULAR,3,2025-11-11,true,analista_06
AL0000911,C000170,TITULAR,3,2025-11-13,false,analista_05
AL0000912,C001070,TITULAR,3,2025-11-14,true,analista_07
AL0000913,C000207,TITULAR,3,2025-11-20,false,analista_21
AL0000914,C000383,TITULAR,3,2025-11-23,true,analista_17
AL0000915,C001045,TITULAR,3,2025-11-25,true,analista_03
AL0000916,C000275,TITULAR,3,2025-11-26,false,analista_02
AL0000917,C000182,TITULAR,3,2025-11-29,false,analista_13
AL0000918,C000810,TITULAR,3,2025-11-29,true,analista_12
AL0000919,C000706,TITULAR,3,2025-11-30,false,analista_11
AL0000920,C000006,TITULAR,3,2025-12-07,true,analista_10
AL0000921,C000078,TITULAR,3,2025-12-08,false,analista_20
AL0000922,C001069,TITULAR,3,2025-12-13,false,analista_11
AL0000923,C000874,TITULAR,3,2025-12-15,true,analista_06
AL0000924,C000241,TITULAR,3,2025-12-29,false,analista_11
AL0000925,C000768,TITULAR,3,2025-12-31,false,analista_20
AL0000926,C000784,TITULAR,3,2026-01-05,true,analista_05
AL0000927,C000871,TITULAR,3,2026-01-06,true,analista_21
AL0000928,C000259,TITULAR,3,2026-01-18,true,analista_01
AL0000929,C000663,TITULAR,3,2026-01-19,false,analista_04
AL0000930,C001112,TITULAR,3,2026-01-22,true,analista_15
AL0000931,C000893,TITULAR,3,2026-01-23,true,analista_14
AL0000932,C001154,TITULAR,3,2026-01-24,true,analista_13
AL0000933,C000881,TITULAR,3,2026-01-24,true,analista_06
AL0000934,C000926,TITULAR,3,2026-01-27,false,analista_03
AL0000935,C000805,TITULAR,3,2026-01-29,true,analista_16
AL0000936,C000882,TITULAR,3,2026-01-30,true,analista_22
AL0000937,C000510,TITULAR,3,2026-01-31,false,analista_17
AL0000938,C000712,TITULAR,3,2026-02-01,false,analista_09
AL0000939,C000453,TITULAR,3,2026-02-01,false,analista_11
AL0000940,C000620,TITULAR,3,2026-02-02,true,analista_14
AL0000941,C000492,TITULAR,3,2026-02-03,true,analista_18
AL0000942,C000503,TITULAR,3,2026-02-03,false,analista_11
AL0000943,C000554,TITULAR,3,2026-02-06,false,analista_04
AL0000944,C000307,TITULAR,3,2026-02-11,false,analista_15
AL0000945,C000900,TITULAR,3,2026-02-13,true,analista_20
AL0000946,C000873,TITULAR,3,2026-02-16,false,analista_16
AL0000947,C000241,TITULAR,3,2026-02-24,true,analista_04
AL0000948,C001185,TITULAR,3,2026-02-25,true,analista_02
AL0000949,C000198,TITULAR,3,2026-02-27,true,analista_16
AL0000950,C000635,TITULAR,3,2026-03-01,true,analista_09
AL0000951,C001040,TITULAR,3,2026-03-02,true,analista_14
AL0000952,C000959,TITULAR,3,2026-03-03,true,analista_22
AL0000953,C000829,TITULAR,3,2026-03-05,true,analista_01
AL0000954,C000850,TITULAR,3,2026-03-06,true,analista_06
AL0000955,C001041,TITULAR,3,2026-03-08,true,analista_12
AL0000956,C000364,TITULAR,3,2026-03-15,true,analista_06
AL0000957,C001104,TITULAR,3,2026-03-15,true,analista_09
AL0000958,C000213,TITULAR,3,2026-03-25,true,analista_21
AL0000959,C000105,TITULAR,3,2026-03-25,true,analista_16
AL0000960,C000544,TITULAR,3,2026-03-28,true,analista_13
AL0000961,C000916,TITULAR,3,2026-03-28,true,analista_11
AL0000962,C001169,TITULAR,3,2026-04-02,false,analista_14
AL0000963,C000402,TITULAR,3,2026-04-04,true,analista_03
AL0000964,C000565,TITULAR,3,2026-04-05,true,analista_22
AL0000965,C001151,TITULAR,3,2026-04-08,true,analista_14
AL0000966,C000985,TITULAR,3,2026-04-11,true,analista_22
AL0000967,C000879,TITULAR,3,2026-04-15,true,analista_20
AL0000968,C000030,TITULAR,3,2026-04-20,true,analista_20
AL0000969,C000422,TITULAR,3,2025-10-23,true,analista_09
AL0000970,C001029,TITULAR,3,2025-10-28,true,analista_06
AL0000971,C001017,TITULAR,3,2025-10-30,false,analista_19
AL0000972,C000228,TITULAR,3,2025-11-03,true,analista_04
AL0000973,C001013,TITULAR,3,2025-11-06,true,analista_02
AL0000974,C000340,TITULAR,3,2025-11-09,true,analista_18
AL0000975,C000108,TITULAR,3,2025-11-10,true,analista_02
AL0000976,C000566,TITULAR,3,2025-11-12,true,analista_10
AL0000977,C000036,TITULAR,3,2025-11-12,true,analista_12
AL0000978,C000018,TITULAR,3,2025-11-12,true,analista_22
AL0000979,C000934,TITULAR,3,2025-11-16,true,analista_09
AL0000980,C000801,TITULAR,3,2025-11-18,false,analista_06
AL0000981,C000488,TITULAR,3,2025-11-20,true,analista_04
AL0000982,C000630,TITULAR,3,2025-11-24,true,analista_04
AL0000983,C000494,TITULAR,3,2025-11-27,true,analista_15
AL0000984,C000044,TITULAR,3,2025-11-28,false,analista_08
AL0000985,C000833,TITULAR,3,2025-12-06,true,analista_10
AL0000986,C000018,TITULAR,3,2025-12-11,true,analista_02
AL0000987,C000348,TITULAR,3,2025-12-12,false,analista_19
AL0000988,C000663,TITULAR,3,2025-12-16,false,analista_21
AL0000989,C000234,TITULAR,3,2025-12-19,false,analista_03
AL0000990,C000623,TITULAR,3,2025-12-19,false,analista_20
AL0000991,C000933,TITULAR,3,2025-12-20,true,analista_22
AL0000992,C001148,TITULAR,3,2025-12-26,true,analista_06
AL0000993,C000919,TITULAR,3,2025-12-27,true,analista_02
AL0000994,C001092,TITULAR,3,2025-12-27,false,analista_12
AL0000995,C001052,TITULAR,3,2025-12-29,true,analista_09
AL0000996,C000498,TITULAR,3,2025-12-29,false,analista_02
AL0000997,C000233,TITULAR,3,2025-12-30,false,analista_05
AL0000998,C000295,TITULAR,3,2026-01-04,true,analista_07
AL0000999,C000891,TITULAR,3,2026-01-05,true,analista_02
AL0001000,C000029,TITULAR,3,2026-01-07,false,analista_19
AL0001001,C001120,TITULAR,3,2026-01-08,false,analista_05
AL0001002,C000206,TITULAR,3,2026-01-08,false,analista_08
AL0001003,C000079,TITULAR,3,2026-01-11,false,analista_21
AL0001004,C000501,TITULAR,3,2026-01-13,false,analista_22
AL0001005,C000776,TITULAR,3,2026-01-13,true,analista_14
AL0001006,C000783,TITULAR,3,2026-01-16,true,analista_14
AL0001007,C000942,TITULAR,3,2026-01-16,true,analista_17
AL0001008,C000930,TITULAR,3,2026-01-21,false,analista_05
AL0001009,C001139,TITULAR,3,2026-01-22,false,analista_05
AL0001010,C000446,TITULAR,3,2026-01-24,true,analista_19
AL0001011,C000332,TITULAR,3,2026-01-25,false,analista_15
AL0001012,C000047,TITULAR,3,2026-01-25,false,analista_20
AL0001013,C001081,TITULAR,3,2026-02-03,true,analista_20
AL0001014,C000901,TITULAR,3,2026-02-04,true,analista_16
AL0001015,C000933,TITULAR,3,2026-02-05,true,analista_06
AL0001016,C000257,TITULAR,3,2026-02-07,true,analista_03
AL0001017,C000267,TITULAR,3,2026-02-08,false,analista_16
AL0001018,C000258,TITULAR,3,2026-02-11,true,analista_21
AL0001019,C000357,TITULAR,3,2026-02-12,true,analista_03
AL0001020,C000636,TITULAR,3,2026-02-12,true,analista_12
AL0001021,C000454,TITULAR,3,2026-02-14,true,analista_10
AL0001022,C001005,TITULAR,3,2026-02-15,true,analista_01
AL0001023,C001016,TITULAR,3,2026-02-16,true,analista_20
AL0001024,C000901,TITULAR,3,2026-02-22,false,analista_09
AL0001025,C000787,TITULAR,3,2026-02-24,false,analista_12
AL0001026,C000903,TITULAR,3,2026-02-27,true,analista_21
AL0001027,C001078,TITULAR,3,2026-02-28,true,analista_09
AL0001028,C001031,TITULAR,3,2026-03-06,false,analista_02
AL0001029,C000032,TITULAR,3,2026-03-07,false,analista_03
AL0001030,C000510,TITULAR,3,2026-03-08,false,analista_21
AL0001031,C000609,TITULAR,3,2026-03-10,false,analista_08
AL0001032,C000890,TITULAR,3,2026-03-14,true,analista_06
AL0001033,C000578,TITULAR,3,2026-03-15,true,analista_16
AL0001034,C000910,TITULAR,3,2026-03-22,false,analista_10
AL0001035,C001002,TITULAR,3,2026-03-23,false,analista_16
AL0001036,C000862,TITULAR,3,2026-03-23,false,analista_07
AL0001037,C000162,TITULAR,3,2026-03-24,true,analista_10
AL0001038,C001015,TITULAR,3,2026-03-24,true,analista_11
AL0001039,C000246,TITULAR,3,2026-03-25,false,analista_19
AL0001040,C000884,TITULAR,3,2026-03-28,false,analista_10
AL0001041,C000735,TITULAR,3,2026-03-28,true,analista_04
AL0001042,C001116,TITULAR,3,2026-03-29,true,analista_09
AL0001043,C001045,TITULAR,3,2026-04-01,false,analista_16
AL0001044,C001117,TITULAR,3,2026-04-04,true,analista_11
AL0001045,C000474,TITULAR,3,2026-04-05,true,analista_20
AL0001046,C001006,TITULAR,3,2026-04-08,true,analista_21
AL0001047,C001118,TITULAR,3,2026-04-17,false,analista_08
AL0001048,C000990,TITULAR,3,2026-04-20,true,analista_06
AL0001049,C000165,TITULAR,3,2026-04-20,false,analista_02
AL0001050,C000652,TITULAR,3,2025-10-25,true,analista_03
AL0001051,C000146,TITULAR,3,2025-10-26,true,analista_09
AL0001052,C000708,TITULAR,3,2025-10-27,true,analista_13
AL0001053,C000874,TITULAR,3,2025-11-05,true,analista_02
AL0001054,C000724,TITULAR,3,2025-11-07,true,analista_13
AL0001055,C000897,TITULAR,3,2025-11-07,true,analista_08
AL0001056,C000658,TITULAR,3,2025-11-08,true,analista_20
AL0001057,C000463,TITULAR,3,2025-11-11,true,analista_14
AL0001058,C000335,TITULAR,3,2025-11-15,true,analista_01
AL0001059,C000026,TITULAR,3,2025-11-16,false,analista_18
AL0001060,C000938,TITULAR,3,2025-11-18,false,analista_22
AL0001061,C000112,TITULAR,3,2025-11-20,false,analista_03
AL0001062,C000688,TITULAR,3,2025-11-22,true,analista_03
AL0001063,C001010,TITULAR,3,2025-11-26,false,analista_21
AL0001064,C000338,TITULAR,3,2025-11-27,true,analista_05
AL0001065,C000449,TITULAR,3,2025-11-28,true,analista_15
AL0001066,C000274,TITULAR,3,2025-11-30,false,analista_15
AL0001067,C001085,TITULAR,3,2025-12-03,false,analista_10
AL0001068,C000294,TITULAR,3,2025-12-04,false,analista_13
AL0001069,C000260,TITULAR,3,2025-12-09,false,analista_14
AL0001070,C000279,TITULAR,3,2025-12-21,false,analista_11
AL0001071,C000981,TITULAR,3,2025-12-22,true,analista_09
AL0001072,C000266,TITULAR,3,2025-12-27,true,analista_03
AL0001073,C000709,TITULAR,3,2025-12-28,false,analista_07
AL0001074,C000564,TITULAR,3,2025-12-30,false,analista_05
AL0001075,C000098,TITULAR,3,2026-01-02,true,analista_08
AL0001076,C000969,TITULAR,3,2026-01-03,false,analista_21
AL0001077,C000388,TITULAR,3,2026-01-08,false,analista_16
AL0001078,C001078,TITULAR,3,2026-01-09,true,analista_05
AL0001079,C001152,TITULAR,3,2026-01-09,false,analista_19
AL0001080,C000007,TITULAR,3,2026-01-09,true,analista_14
AL0001081,C000817,TITULAR,3,2026-01-13,true,analista_11
AL0001082,C000961,TITULAR,3,2026-01-23,true,analista_16
AL0001083,C000106,TITULAR,3,2026-01-23,false,analista_12
AL0001084,C000307,TITULAR,3,2026-01-27,false,analista_22
AL0001085,C000660,TITULAR,3,2026-01-30,true,analista_06
AL0001086,C001118,TITULAR,3,2026-02-08,false,analista_15
AL0001087,C000253,TITULAR,3,2026-02-09,true,analista_03
AL0001088,C001196,TITULAR,3,2026-02-12,true,analista_06
AL0001089,C000769,TITULAR,3,2026-02-14,true,analista_21
AL0001090,C000144,TITULAR,3,2026-02-14,false,analista_15
AL0001091,C001091,TITULAR,3,2026-02-15,false,analista_17
AL0001092,C000182,TITULAR,3,2026-02-15,true,analista_18
AL0001093,C000196,TITULAR,3,2026-02-17,false,analista_04
AL0001094,C000285,TITULAR,3,2026-02-17,false,analista_16
AL0001095,C000796,TITULAR,3,2026-02-19,true,analista_16
AL0001096,C001163,TITULAR,3,2026-02-21,true,analista_21
AL0001097,C000884,TITULAR,3,2026-02-26,true,analista_20
AL0001098,C000558,TITULAR,3,2026-03-03,true,analista_19
AL0001099,C001198,TITULAR,3,2026-03-07,true,analista_07
AL0001100,C000373,TITULAR,3,2026-03-08,true,analista_18
AL0001101,C000028,TITULAR,3,2026-03-10,false,analista_03
AL0001102,C000636,TITULAR,3,2026-03-11,false,analista_15
AL0001103,C000988,TITULAR,3,2026-03-14,false,analista_07
AL0001104,C000817,TITULAR,3,2026-03-15,true,analista_18
AL0001105,C000389,TITULAR,3,2026-03-18,true,analista_21
AL0001106,C000882,TITULAR,3,2026-03-21,true,analista_09
AL0001107,C000358,TITULAR,3,2026-03-22,true,analista_18
AL0001108,C001064,TITULAR,3,2026-03-22,false,analista_03
AL0001109,C001117,TITULAR,3,2026-03-23,true,analista_19
AL0001110,C001041,TITULAR,3,2026-03-25,true,analista_10
AL0001111,C001073,TITULAR,3,2026-03-27,false,analista_14
AL0001112,C001198,TITULAR,3,2026-03-27,true,analista_01
AL0001113,C000686,TITULAR,3,2026-03-28,false,analista_05
AL0001114,C000669,TITULAR,3,2026-03-29,true,analista_09
AL0001115,C000758,TITULAR,3,2026-04-06,true,analista_21
AL0001116,C001167,TITULAR,3,2026-04-06,false,analista_04
AL0001117,C000451,TITULAR,3,2026-04-06,false,analista_09
AL0001118,C000830,TITULAR,3,2026-04-08,true,analista_14
AL0001119,C000107,TITULAR,3,2026-04-12,false,analista_01
AL0001120,C001184,TITULAR,3,2026-04-12,true,analista_06
AL0001121,C000385,TITULAR,3,2026-04-15,false,analista_03
AL0001122,C000156,TITULAR,3,2026-04-15,false,analista_17
AL0001123,C000419,TITULAR,3,2026-04-18,false,analista_02
AL0001124,C000882,TITULAR,3,2026-04-18,false,analista_17
AL0001125,C000036,TITULAR,3,2025-10-24,false,analista_20
AL0001126,C001012,TITULAR,3,2025-10-25,true,analista_10
AL0001127,C001104,TITULAR,3,2025-10-26,false,analista_06
AL0001128,C000864,TITULAR,3,2025-10-29,false,analista_11
AL0001129,C001170,TITULAR,3,2025-10-29,true,analista_03
AL0001130,C000547,TITULAR,3,2025-10-30,false,analista_20
AL0001131,C000271,TITULAR,3,2025-11-01,true,analista_15
AL0001132,C000548,TITULAR,3,2025-11-01,true,analista_08
AL0001133,C000168,TITULAR,3,2025-11-06,false,analista_16
AL0001134,C000816,TITULAR,3,2025-11-15,false,analista_16
AL0001135,C000078,TITULAR,3,2025-11-19,true,analista_15
AL0001136,C000381,TITULAR,3,2025-11-20,false,analista_12
AL0001137,C000458,TITULAR,3,2025-11-20,true,analista_04
AL0001138,C000327,TITULAR,3,2025-11-22,false,analista_20
AL0001139,C000889,TITULAR,3,2025-11-24,true,analista_12
AL0001140,C000639,TITULAR,3,2025-11-24,false,analista_11
AL0001141,C000598,TITULAR,3,2025-11-24,true,analista_15
AL0001142,C000503,TITULAR,3,2025-11-24,true,analista_03
AL0001143,C001189,TITULAR,3,2025-11-25,false,analista_07
AL0001144,C000417,TITULAR,3,2025-12-01,true,analista_20
AL0001145,C000153,TITULAR,3,2025-12-01,true,analista_21
AL0001146,C000562,TITULAR,3,2025-12-01,true,analista_04
AL0001147,C000724,TITULAR,3,2025-12-02,true,analista_06
AL0001148,C001014,TITULAR,3,2025-12-03,true,analista_11
AL0001149,C001118,TITULAR,3,2025-12-04,false,analista_02
AL0001150,C000158,TITULAR,3,2025-12-06,false,analista_18
AL0001151,C001037,TITULAR,3,2025-12-10,true,analista_16
AL0001152,C000706,TITULAR,3,2025-12-17,false,analista_10
AL0001153,C000169,TITULAR,3,2025-12-18,true,analista_07
AL0001154,C001168,TITULAR,3,2025-12-22,true,analista_14
AL0001155,C000219,TITULAR,3,2025-12-23,true,analista_19
AL0001156,C000388,TITULAR,3,2026-01-01,true,analista_16
AL0001157,C001016,TITULAR,3,2026-01-03,true,analista_17
AL0001158,C000005,TITULAR,3,2026-01-07,true,analista_12
AL0001159,C000759,TITULAR,3,2026-01-09,true,analista_06
AL0001160,C001079,TITULAR,3,2026-01-10,false,analista_01
AL0001161,C000327,TITULAR,3,2026-01-10,false,analista_15
AL0001162,C000990,TITULAR,3,2026-01-11,false,analista_03
AL0001163,C000006,TITULAR,3,2026-01-15,true,analista_16
AL0001164,C000949,TITULAR,3,2026-01-18,true,analista_13
AL0001165,C000079,TITULAR,3,2026-01-18,false,analista_02
AL0001166,C000266,TITULAR,3,2026-01-19,true,analista_17
AL0001167,C000008,TITULAR,3,2026-01-20,false,analista_03
AL0001168,C000624,TITULAR,3,2026-01-20,false,analista_12
AL0001169,C000567,TITULAR,3,2026-01-20,false,analista_07
AL0001170,C000284,TITULAR,3,2026-01-20,true,analista_05
AL0001171,C000644,TITULAR,3,2026-01-21,false,analista_16
AL0001172,C000157,TITULAR,3,2026-01-23,false,analista_10
AL0001173,C000377,TITULAR,3,2026-01-25,true,analista_21
AL0001174,C000828,TITULAR,3,2026-01-27,true,analista_21
AL0001175,C000625,TITULAR,3,2026-01-27,true,analista_14
AL0001176,C001117,TITULAR,3,2026-01-29,true,analista_10
AL0001177,C000052,TITULAR,3,2026-01-30,false,analista_22
AL0001178,C000462,TITULAR,3,2026-02-01,true,analista_22
AL0001179,C001117,TITULAR,3,2026-02-03,false,analista_09
AL0001180,C000667,TITULAR,3,2026-02-04,false,analista_06
AL0001181,C000790,TITULAR,3,2026-02-05,true,analista_02
AL0001182,C001196,TITULAR,3,2026-02-07,false,analista_14
AL0001183,C000306,TITULAR,3,2026-02-08,true,analista_14
AL0001184,C000133,TITULAR,3,2026-02-11,false,analista_01
AL0001185,C001173,TITULAR,3,2026-02-13,true,analista_02
AL0001186,C000304,TITULAR,3,2026-02-22,false,analista_04
AL0001187,C000324,TITULAR,3,2026-02-23,false,analista_08
AL0001188,C000483,TITULAR,3,2026-02-27,true,analista_01
AL0001189,C001036,TITULAR,3,2026-02-28,true,analista_13
AL0001190,C000304,TITULAR,3,2026-03-01,false,analista_12
AL0001191,C000357,TITULAR,3,2026-03-04,true,analista_13
AL0001192,C000833,TITULAR,3,2026-03-07,true,analista_12
AL0001193,C001078,TITULAR,3,2026-03-13,false,analista_21
AL0001194,C000413,TITULAR,3,2026-03-14,false,analista_02
AL0001195,C000006,TITULAR,3,2026-03-14,false,analista_04
AL0001196,C000058,TITULAR,3,2026-03-14,false,analista_01
AL0001197,C000090,TITULAR,3,2026-03-18,false,analista_16
AL0001198,C001178,TITULAR,3,2026-03-20,true,analista_17
AL0001199,C000931,TITULAR,3,2026-03-22,true,analista_15
AL0001200,C000812,TITULAR,3,2026-03-22,false,analista_17
AL0001201,C000553,TITULAR,3,2026-03-22,true,analista_22
AL0001202,C001013,TITULAR,3,2026-03-22,true,analista_06
AL0001203,C000209,TITULAR,3,2026-03-24,true,analista_18
AL0001204,C000316,TITULAR,3,2026-03-25,true,analista_13
AL0001205,C000414,TITULAR,3,2026-03-27,false,analista_10
AL0001206,C000448,TITULAR,3,2026-03-28,true,analista_13
AL0001207,C000198,TITULAR,3,2026-03-29,true,analista_20
AL0001208,C000295,TITULAR,3,2026-03-31,true,analista_03
AL0001209,C000492,TITULAR,3,2026-04-05,false,analista_01
AL0001210,C001076,TITULAR,3,2026-04-06,false,analista_11
AL0001211,C000125,TITULAR,3,2026-04-07,false,analista_13
AL0001212,C000290,TITULAR,3,2026-04-09,true,analista_16
AL0001213,C000436,TITULAR,3,2026-04-09,false,analista_19
AL0001214,C000437,TITULAR,3,2026-04-09,true,analista_05
AL0001215,C000978,TITULAR,3,2026-04-09,true,analista_09
AL0001216,C000444,TITULAR,3,2026-04-11,false,analista_13
AL0001217,C000663,TITULAR,3,2026-04-15,true,analista_14
AL0001218,C000830,TITULAR,3,2026-04-16,true,analista_09
AL0001219,C000983,TITULAR,3,2025-10-24,false,analista_03
AL0001220,C000545,TITULAR,3,2025-10-25,false,analista_20
AL0001221,C001033,TITULAR,3,2025-10-25,false,analista_10
AL0001222,C000709,TITULAR,3,2025-10-26,false,analista_08
AL0001223,C000619,TITULAR,3,2025-10-31,true,analista_03
AL0001224,C000799,TITULAR,3,2025-11-04,true,analista_05
AL0001225,C000539,TITULAR,3,2025-11-04,false,analista_12
AL0001226,C000884,TITULAR,3,2025-11-05,false,analista_21
AL0001227,C001074,TITULAR,3,2025-11-05,false,analista_05
AL0001228,C000120,TITULAR,3,2025-11-06,false,analista_06
AL0001229,C000021,TITULAR,3,2025-11-07,false,analista_20
AL0001230,C000143,TITULAR,3,2025-11-07,true,analista_19
AL0001231,C000624,TITULAR,3,2025-11-08,false,analista_18
AL0001232,C000055,TITULAR,3,2025-11-09,true,analista_20
AL0001233,C000018,TITULAR,3,2025-11-11,false,analista_21
AL0001234,C000785,TITULAR,3,2025-11-13,false,analista_07
AL0001235,C000382,TITULAR,3,2025-11-16,true,analista_15
AL0001236,C001082,TITULAR,3,2025-11-17,true,analista_20
AL0001237,C000673,TITULAR,3,2025-11-20,true,analista_13
AL0001238,C001138,TITULAR,3,2025-11-22,false,analista_04
AL0001239,C000963,TITULAR,3,2025-11-24,true,analista_02
AL0001240,C000073,TITULAR,3,2025-11-26,true,analista_08
AL0001241,C000115,TITULAR,3,2025-11-27,false,analista_21
AL0001242,C000904,TITULAR,3,2025-11-28,true,analista_11
AL0001243,C000426,TITULAR,3,2025-11-30,false,analista_16
AL0001244,C000681,TITULAR,3,2025-12-03,true,analista_16
AL0001245,C001062,TITULAR,3,2025-12-04,true,analista_15
AL0001246,C001149,TITULAR,3,2025-12-05,false,analista_22
AL0001247,C000652,TITULAR,3,2025-12-05,false,analista_11
AL0001248,C000318,TITULAR,3,2025-12-06,true,analista_12
AL0001249,C000288,TITULAR,3,2025-12-06,false,analista_15
AL0001250,C001006,TITULAR,3,2025-12-08,false,analista_05
AL0001251,C000049,TITULAR,3,2025-12-09,true,analista_19
AL0001252,C000179,TITULAR,3,2025-12-11,false,analista_03
AL0001253,C000338,TITULAR,3,2025-12-13,false,analista_08
AL0001254,C000731,TITULAR,3,2025-12-15,true,analista_15
AL0001255,C000269,TITULAR,3,2025-12-21,true,analista_14
AL0001256,C000117,TITULAR,3,2025-12-23,true,analista_14
AL0001257,C000635,TITULAR,3,2025-12-25,true,analista_02
AL0001258,C000657,TITULAR,3,2025-12-29,true,analista_01
AL0001259,C000455,TITULAR,3,2025-12-31,true,analista_20
AL0001260,C000833,TITULAR,3,2026-01-06,true,analista_02
AL0001261,C000987,TITULAR,3,2026-01-11,true,analista_03
AL0001262,C000974,TITULAR,3,2026-01-12,true,analista_03
AL0001263,C001171,TITULAR,3,2026-01-13,false,analista_05
AL0001264,C000901,TITULAR,3,2026-01-13,false,analista_14
AL0001265,C000292,TITULAR,3,2026-01-15,false,analista_16
AL0001266,C001085,TITULAR,3,2026-01-17,false,analista_14
AL0001267,C000762,TITULAR,3,2026-01-17,true,analista_01
AL0001268,C000812,TITULAR,3,2026-01-19,false,analista_10
AL0001269,C001008,TITULAR,3,2026-01-19,true,analista_07
AL0001270,C000443,TITULAR,3,2026-01-21,true,analista_11
AL0001271,C000736,TITULAR,3,2026-01-21,true,analista_08
AL0001272,C001168,TITULAR,3,2026-01-21,true,analista_17
AL0001273,C000271,TITULAR,3,2026-01-24,false,analista_11
AL0001274,C000657,TITULAR,3,2026-01-30,false,analista_21
AL0001275,C000126,TITULAR,3,2026-02-01,true,analista_18
AL0001276,C000591,TITULAR,3,2026-02-01,false,analista_15
AL0001277,C000701,TITULAR,3,2026-02-02,false,analista_03
AL0001278,C000285,TITULAR,3,2026-02-04,false,analista_17
AL0001279,C000530,TITULAR,3,2026-02-10,true,analista_03
AL0001280,C000248,TITULAR,3,2026-02-13,true,analista_22
AL0001281,C000965,TITULAR,3,2026-02-13,true,analista_19
AL0001282,C000416,TITULAR,3,2026-02-14,true,analista_12
AL0001283,C000802,TITULAR,3,2026-02-18,false,analista_21
AL0001284,C000140,TITULAR,3,2026-02-19,true,analista_20
AL0001285,C000174,TITULAR,3,2026-02-19,false,analista_12
AL0001286,C000548,TITULAR,3,2026-02-20,false,analista_07
AL0001287,C000423,TITULAR,3,2026-02-21,true,analista_18
AL0001288,C000204,TITULAR,3,2026-02-21,false,analista_14
AL0001289,C000454,TITULAR,3,2026-02-24,false,analista_16
AL0001290,C001040,TITULAR,3,2026-02-28,false,analista_11
AL0001291,C000053,TITULAR,3,2026-03-02,true,analista_21
AL0001292,C000849,TITULAR,3,2026-03-05,true,analista_21
AL0001293,C000896,TITULAR,3,2026-03-06,false,analista_09
AL0001294,C000660,TITULAR,3,2026-03-06,true,analista_07
AL0001295,C000666,TITULAR,3,2026-03-12,true,analista_09
AL0001296,C000114,TITULAR,3,2026-03-12,false,analista_17
AL0001297,C001162,TITULAR,3,2026-03-15,true,analista_22
AL0001298,C001072,TITULAR,3,2026-03-20,false,analista_21
AL0001299,C000437,TITULAR,3,2026-03-24,false,analista_01
AL0001300,C000113,TITULAR,3,2026-03-24,true,analista_05
AL0001301,C000852,TITULAR,3,2026-03-25,false,analista_17
AL0001302,C001009,TITULAR,3,2026-03-27,true,analista_20
AL0001303,C000082,TITULAR,3,2026-03-30,true,analista_22
AL0001304,C000005,TITULAR,3,2026-03-31,false,analista_10
AL0001305,C001028,TITULAR,3,2026-04-01,false,analista_05
AL0001306,C000304,TITULAR,3,2026-04-05,true,analista_11
AL0001307,C000102,TITULAR,3,2026-04-05,false,analista_15
AL0001308,C000413,TITULAR,3,2026-04-08,false,analista_06
AL0001309,C000206,TITULAR,3,2026-04-09,false,analista_19
AL0001310,C000448,TITULAR,3,2026-04-09,true,analista_18
AL0001311,C000717,TITULAR,3,2026-04-10,false,analista_18
AL0001312,C000335,TITULAR,3,2026-04-12,false,analista_10
AL0001313,C001194,TITULAR,3,2026-04-12,true,analista_15
AL0001314,C000049,TITULAR,3,2026-04-12,false,analista_06
AL0001315,C000981,TITULAR,3,2026-04-15,false,analista_17
AL0001316,C001137,TITULAR,3,2026-04-17,false,analista_16
AL0001317,C001172,TITULAR,3,2025-10-24,false,analista_07
AL0001318,C000875,TITULAR,3,2025-10-31,true,analista_10
AL0001319,C000357,TITULAR,3,2025-11-01,true,analista_02
AL0001320,C000213,TITULAR,3,2025-11-02,true,analista_18
AL0001321,C000918,TITULAR,3,2025-11-06,true,analista_11
AL0001322,C000824,TITULAR,3,2025-11-09,true,analista_14
AL0001323,C000187,TITULAR,3,2025-11-09,false,analista_21
AL0001324,C000158,TITULAR,3,2025-11-09,false,analista_21
AL0001325,C000429,TITULAR,3,2025-11-11,false,analista_14
AL0001326,C000460,TITULAR,3,2025-11-17,true,analista_15
AL0001327,C000071,TITULAR,3,2025-11-19,true,analista_08
AL0001328,C001025,TITULAR,3,2025-11-20,false,analista_14
AL0001329,C000309,TITULAR,3,2025-11-22,false,analista_06
AL0001330,C001018,TITULAR,3,2025-11-25,true,analista_03
AL0001331,C000005,TITULAR,3,2025-11-26,false,analista_13
AL0001332,C000068,TITULAR,3,2025-11-26,false,analista_17
AL0001333,C000294,TITULAR,3,2025-11-28,false,analista_22
AL0001334,C000182,TITULAR,3,2025-11-30,true,analista_07
AL0001335,C000724,TITULAR,3,2025-12-06,true,analista_12
AL0001336,C000563,TITULAR,3,2025-12-10,false,analista_11
AL0001337,C001045,TITULAR,3,2025-12-10,false,analista_12
AL0001338,C000544,TITULAR,3,2025-12-13,true,analista_17
AL0001339,C000083,TITULAR,3,2025-12-14,false,analista_16
AL0001340,C000314,TITULAR,3,2025-12-15,false,analista_15
AL0001341,C000461,TITULAR,3,2025-12-23,true,analista_04
AL0001342,C001191,TITULAR,3,2025-12-24,true,analista_11
AL0001343,C000967,TITULAR,3,2025-12-24,false,analista_12
AL0001344,C000391,TITULAR,3,2026-01-02,false,analista_18
AL0001345,C000021,TITULAR,3,2026-01-06,false,analista_16
AL0001346,C001041,TITULAR,3,2026-01-11,false,analista_15
AL0001347,C000275,TITULAR,3,2026-01-12,false,analista_18
AL0001348,C000294,TITULAR,3,2026-01-13,true,analista_19
AL0001349,C000082,TITULAR,3,2026-01-14,false,analista_13
AL0001350,C000920,TITULAR,3,2026-01-14,true,analista_20
AL0001351,C000407,TITULAR,3,2026-01-16,true,analista_12
AL0001352,C000402,TITULAR,3,2026-01-21,false,analista_10
AL0001353,C000958,TITULAR,3,2026-01-29,false,analista_07
AL0001354,C001137,TITULAR,3,2026-02-01,false,analista_01
AL0001355,C000443,TITULAR,3,2026-02-03,true,analista_19
AL0001356,C000166,TITULAR,3,2026-02-03,true,analista_14
AL0001357,C000646,TITULAR,3,2026-02-03,false,analista_01
AL0001358,C000494,TITULAR,3,2026-02-06,true,analista_07
AL0001359,C000962,TITULAR,3,2026-02-16,true,analista_03
AL0001360,C000201,TITULAR,3,2026-02-19,false,analista_10
AL0001361,C000635,TITULAR,3,2026-03-01,false,analista_22
AL0001362,C001138,TITULAR,3,2026-03-02,true,analista_04
AL0001363,C000478,TITULAR,3,2026-03-03,true,analista_22
AL0001364,C000125,TITULAR,3,2026-03-04,true,analista_03
AL0001365,C000393,TITULAR,3,2026-03-05,true,analista_08
AL0001366,C000268,TITULAR,3,2026-03-06,false,analista_19
AL0001367,C000913,TITULAR,3,2026-03-06,false,analista_07
AL0001368,C000239,TITULAR,3,2026-03-10,true,analista_17
AL0001369,C000201,TITULAR,3,2026-03-13,true,analista_08
AL0001370,C000590,TITULAR,3,2026-03-13,false,analista_02
AL0001371,C000362,TITULAR,3,2026-03-18,true,analista_02
AL0001372,C000474,TITULAR,3,2026-03-19,false,analista_12
AL0001373,C001087,TITULAR,3,2026-03-22,true,analista_11
AL0001374,C000911,TITULAR,3,2026-03-22,true,analista_09
AL0001375,C000007,TITULAR,3,2026-03-23,false,analista_08
AL0001376,C000078,TITULAR,3,2026-03-25,false,analista_12
AL0001377,C000480,TITULAR,3,2026-03-26,true,analista_07
AL0001378,C000513,TITULAR,3,2026-03-27,true,analista_05
AL0001379,C001008,TITULAR,3,2026-03-27,true,analista_22
AL0001380,C000830,TITULAR,3,2026-03-29,true,analista_04
AL0001381,C001086,TITULAR,3,2026-03-31,true,analista_15
AL0001382,C000993,TITULAR,3,2026-04-01,false,analista_14
AL0001383,C000962,TITULAR,3,2026-04-02,true,analista_01
AL0001384,C000657,TITULAR,3,2026-04-03,false,analista_05
AL0001385,C000592,TITULAR,3,2026-04-10,false,analista_22
AL0001386,C000960,TITULAR,3,2026-04-13,false,analista_07
AL0001387,C000712,TITULAR,3,2025-10-27,false,analista_08
AL0001388,C000783,TITULAR,3,2025-11-01,true,analista_18
AL0001389,C001124,TITULAR,3,2025-11-02,false,analista_07
AL0001390,C000812,TITULAR,3,2025-11-03,true,analista_17
AL0001391,C000086,TITULAR,3,2025-11-03,false,analista_16
AL0001392,C000038,TITULAR,3,2025-11-03,false,analista_09
AL0001393,C000056,TITULAR,3,2025-11-03,true,analista_13
AL0001394,C000171,TITULAR,3,2025-11-06,false,analista_11
AL0001395,C000259,TITULAR,3,2025-11-07,true,analista_01
AL0001396,C000144,TITULAR,3,2025-11-10,true,analista_18
AL0001397,C000027,TITULAR,3,2025-11-10,false,analista_05
AL0001398,C000834,TITULAR,3,2025-11-18,false,analista_19
AL0001399,C000926,TITULAR,3,2025-11-21,false,analista_14
AL0001400,C000573,TITULAR,3,2025-11-26,true,analista_13
